CREATE DATABASE  IF NOT EXISTS `buy_info` /*!40100 DEFAULT CHARACTER SET utf8mb4 COLLATE utf8mb4_0900_ai_ci */ /*!80016 DEFAULT ENCRYPTION='N' */;
USE `buy_info`;
-- MySQL dump 10.13  Distrib 8.0.30, for macos12 (x86_64)
--
-- Host: localhost    Database: buy_info
-- ------------------------------------------------------
-- Server version	8.0.30

/*!40101 SET @OLD_CHARACTER_SET_CLIENT=@@CHARACTER_SET_CLIENT */;
/*!40101 SET @OLD_CHARACTER_SET_RESULTS=@@CHARACTER_SET_RESULTS */;
/*!40101 SET @OLD_COLLATION_CONNECTION=@@COLLATION_CONNECTION */;
/*!50503 SET NAMES utf8 */;
/*!40103 SET @OLD_TIME_ZONE=@@TIME_ZONE */;
/*!40103 SET TIME_ZONE='+00:00' */;
/*!40014 SET @OLD_UNIQUE_CHECKS=@@UNIQUE_CHECKS, UNIQUE_CHECKS=0 */;
/*!40014 SET @OLD_FOREIGN_KEY_CHECKS=@@FOREIGN_KEY_CHECKS, FOREIGN_KEY_CHECKS=0 */;
/*!40101 SET @OLD_SQL_MODE=@@SQL_MODE, SQL_MODE='NO_AUTO_VALUE_ON_ZERO' */;
/*!40111 SET @OLD_SQL_NOTES=@@SQL_NOTES, SQL_NOTES=0 */;

--
-- Table structure for table `Categoria`
--

DROP TABLE IF EXISTS `Categoria`;
/*!40101 SET @saved_cs_client     = @@character_set_client */;
/*!50503 SET character_set_client = utf8mb4 */;
CREATE TABLE `Categoria` (
  `Id_Categoria` int NOT NULL AUTO_INCREMENT,
  `Nome` varchar(45) NOT NULL,
  `Ativo` tinyint NOT NULL,
  `Imagem` varchar(255) NOT NULL,
  PRIMARY KEY (`Id_Categoria`)
) ENGINE=InnoDB AUTO_INCREMENT=19 DEFAULT CHARSET=utf8mb4 COLLATE=utf8mb4_0900_ai_ci;
/*!40101 SET character_set_client = @saved_cs_client */;

--
-- Dumping data for table `Categoria`
--

LOCK TABLES `Categoria` WRITE;
/*!40000 ALTER TABLE `Categoria` DISABLE KEYS */;
INSERT INTO `Categoria` VALUES (1,'Placa Mãe',1,'/imagens/categoria/placa_mae.png'),(2,'Memória',1,'/imagens/categoria/memoria.png'),(3,'Fonte',1,'/imagens/categoria/fonte.png'),(4,'Cooler',1,'/imagens/categoria/coolers.png'),(5,'Gabinete',1,'/imagens/categoria/gabinete.png'),(6,'Cabos',1,'/imagens/categoria/cabo.png'),(7,'Acessório',1,'/imagens/categoria/acessorios.png'),(8,'Placa de Vídeo',1,'/imagens/categoria/placa_video.png'),(18,'Processador',1,'undefined');
/*!40000 ALTER TABLE `Categoria` ENABLE KEYS */;
UNLOCK TABLES;

--
-- Table structure for table `Cliente`
--

DROP TABLE IF EXISTS `Cliente`;
/*!40101 SET @saved_cs_client     = @@character_set_client */;
/*!50503 SET character_set_client = utf8mb4 */;
CREATE TABLE `Cliente` (
  `Id_Cliente` int NOT NULL AUTO_INCREMENT,
  `Nome` varchar(255) NOT NULL,
  `Sobrenome` varchar(255) NOT NULL,
  `CPF` varchar(14) NOT NULL,
  `Telefone` varchar(45) NOT NULL,
  `Email` varchar(255) NOT NULL,
  `Senha` varchar(255) NOT NULL,
  PRIMARY KEY (`Id_Cliente`,`CPF`)
) ENGINE=InnoDB AUTO_INCREMENT=23 DEFAULT CHARSET=utf8mb4 COLLATE=utf8mb4_0900_ai_ci;
/*!40101 SET character_set_client = @saved_cs_client */;

--
-- Dumping data for table `Cliente`
--

LOCK TABLES `Cliente` WRITE;
/*!40000 ALTER TABLE `Cliente` DISABLE KEYS */;
INSERT INTO `Cliente` VALUES (1,'fernando','junior','121.212.121-21','45999174178','fernando.jr0410@gmail.com','111111'),(2,'fernando','junior','123.123.123-12','234234234234','fernando.jr0410@gmail.com','111111'),(3,'fernando','teste','131.212.312-31','45999174178','fernando.jr0410@gmail.com','qqqqqq'),(4,'juca','teste','564.654.654-56','45999174178','fernando.jr0410@gmail.com','qqqqqq'),(5,'juca','teste','121.212.121-21','45999174178','fernando.jr0410@gmail.com','qqqqqq'),(6,'juca','teste','121.212.121-21','45999174178','fernando.jr0410@gmail.com','qqqqqq'),(7,'juca','teste','121.212.121-21','45999174178','fernando.jr0410@gmail.com','qqqqqq'),(8,'juca','teste','121.212.121-21','45999174178','fernando.jr0410@gmail.com','qqqqqq'),(9,'juca','teste','121.212.121-21','45999174178','fernando.jr0410@gmail.com','111111'),(10,'juca','teste','121.212.121-21','45999174178','fernando.jr0410@gmail.com','111111'),(11,'juca','teste','121.212.121-21','45999174178','fernando.jr0410@gmail.com','1111111'),(12,'juca','teste','121.212.121-21','45999174178','fernando.jr0410@gmail.com','111111'),(13,'teste','teste','123.123.123-12','45999174178','teste@hotmail.com','123123'),(14,'kkkk','kkk','132.312.312-31','45999174178','kkkk@hotmail.com','123123'),(15,'nomedeteste','meutitiolindo','123.123.131-23','45999174178','meutitiolindo@hotmail.com','123123'),(16,'nomedeteste','meutitiolindo','123.123.123-12','45999174178','meutitiolindo@hotmail.com','123123'),(17,'teste','teste','121.212.121-21','45999174178','kkkk@hotmail.com','123123'),(18,'juca','teste','123.123.131-23','45999174178','meutitiolindo@hotmail.com','123123'),(19,'titio','titio','546.546.546-54','45999174178','kkkk@hotmail.com','123123'),(20,'testeee','tesst','231.231.231-23','45999174178','kkkk@hotmail.com','qqqqqq'),(21,'joao','carlos','213.123.123-12','45999735848','joao.carlos@gmail.com','123456'),(22,'Thiago','da tia rita','123.123.123-12','45999174178','thiago.tiarita@gmail.com','123123');
/*!40000 ALTER TABLE `Cliente` ENABLE KEYS */;
UNLOCK TABLES;

--
-- Table structure for table `destaque`
--

DROP TABLE IF EXISTS `destaque`;
/*!40101 SET @saved_cs_client     = @@character_set_client */;
/*!50503 SET character_set_client = utf8mb4 */;
CREATE TABLE `destaque` (
  `Id_Destaque` int NOT NULL AUTO_INCREMENT,
  `Nome` varchar(45) NOT NULL,
  PRIMARY KEY (`Id_Destaque`)
) ENGINE=InnoDB AUTO_INCREMENT=4 DEFAULT CHARSET=utf8mb4 COLLATE=utf8mb4_0900_ai_ci;
/*!40101 SET character_set_client = @saved_cs_client */;

--
-- Dumping data for table `destaque`
--

LOCK TABLES `destaque` WRITE;
/*!40000 ALTER TABLE `destaque` DISABLE KEYS */;
INSERT INTO `destaque` VALUES (1,'Mais pesquisados'),(2,'Ultimos anuncios'),(3,'Mais vendidos');
/*!40000 ALTER TABLE `destaque` ENABLE KEYS */;
UNLOCK TABLES;

--
-- Table structure for table `Endereco`
--

DROP TABLE IF EXISTS `Endereco`;
/*!40101 SET @saved_cs_client     = @@character_set_client */;
/*!50503 SET character_set_client = utf8mb4 */;
CREATE TABLE `Endereco` (
  `idEndereco` int NOT NULL AUTO_INCREMENT,
  `cep` varchar(8) NOT NULL,
  `cidade` varchar(255) NOT NULL,
  `estado` varchar(2) NOT NULL,
  `bairro` varchar(255) NOT NULL,
  `rua` varchar(255) NOT NULL,
  `numero` int NOT NULL,
  `complemento` varchar(45) NOT NULL,
  `Id_Cliente` int NOT NULL,
  PRIMARY KEY (`idEndereco`),
  KEY `Id_Cliente` (`Id_Cliente`),
  CONSTRAINT `endereco_ibfk_1` FOREIGN KEY (`Id_Cliente`) REFERENCES `Cliente` (`Id_Cliente`)
) ENGINE=InnoDB DEFAULT CHARSET=utf8mb4 COLLATE=utf8mb4_0900_ai_ci;
/*!40101 SET character_set_client = @saved_cs_client */;

--
-- Dumping data for table `Endereco`
--

LOCK TABLES `Endereco` WRITE;
/*!40000 ALTER TABLE `Endereco` DISABLE KEYS */;
/*!40000 ALTER TABLE `Endereco` ENABLE KEYS */;
UNLOCK TABLES;

--
-- Table structure for table `imagem_produto`
--

DROP TABLE IF EXISTS `imagem_produto`;
/*!40101 SET @saved_cs_client     = @@character_set_client */;
/*!50503 SET character_set_client = utf8mb4 */;
CREATE TABLE `imagem_produto` (
  `Id_Imagem` int NOT NULL AUTO_INCREMENT,
  `Nome` varchar(255) NOT NULL,
  `Produto_Id_Produto` int NOT NULL,
  PRIMARY KEY (`Id_Imagem`),
  KEY `imagem_produto_ibfk_1` (`Produto_Id_Produto`),
  CONSTRAINT `imagem_produto_ibfk_1` FOREIGN KEY (`Produto_Id_Produto`) REFERENCES `produto` (`Id_produto`) ON DELETE CASCADE
) ENGINE=InnoDB AUTO_INCREMENT=451 DEFAULT CHARSET=utf8mb4 COLLATE=utf8mb4_0900_ai_ci;
/*!40101 SET character_set_client = @saved_cs_client */;

--
-- Dumping data for table `imagem_produto`
--

LOCK TABLES `imagem_produto` WRITE;
/*!40000 ALTER TABLE `imagem_produto` DISABLE KEYS */;
INSERT INTO `imagem_produto` VALUES (26,'processador/12-img-1.jpg',1),(27,'processador/12-img-2.jpg',1),(32,'placa-de-video/22-img-1.jpg',2),(33,'placa-de-video/22-img-2.jpg',2),(34,'placa-de-video/22-img-3.jpg',2),(35,'placa-de-video/22-img-4.jpg',2),(36,'placa-mae/130-img-1.jpg',3),(37,'placa-mae/130-img-2.jpg',3),(38,'placa-mae/130-img-3.jpg',3),(40,'placa-mae/130-img-4.jpg',3),(41,'gabinete/35-img-1.jpg',4),(42,'gabinete/35-img-2.jpg',4),(43,'gabinete/35-img-3.jpg',4),(44,'gabinete/35-img-4.jpg',4),(45,'acessorios/36-img-1.jpg',5),(46,'acessorios/36-img-2.jpg',5),(47,'acessorios/36-img-3.jpg',5),(48,'processador/27-img-1.jpg',6),(49,'processador/27-img-2.jpg',6),(50,'processador/27-img-3.jpg',6),(51,'processador/27-img-4.jpg',6),(55,'cooler/29-img-1.jpg',8),(56,'cooler/29-img-2.jpg',8),(57,'cooler/29-img-3.jpg',8),(58,'cooler/29-img-4.jpg',8),(59,'memoria/20-img-2.jpg',9),(60,'memoria/20-img-1.jpg',9),(61,'fonte/31-img-1.jpg',10),(62,'fonte/31-img-2.jpg',10),(63,'fonte/31-img-3.jpg',10),(64,'fonte/31-img-4.jpg',10),(65,'placa-mae/20-img-1.jpg',16),(66,'placa-mae/20-img-2.jpg',16),(67,'placa-mae/20-img-3.jpg',16),(68,'placa-mae/14-img-1.jpg',17),(69,'placa-mae/14-img-2.jpg',17),(70,'placa-mae/14-img-3.jpg',17),(71,'placa-mae/14-img-4.jpg',17),(72,'placa-mae/15-img-1.jpg',18),(73,'placa-mae/15-img-2.jpg',18),(74,'placa-mae/15-img-3.jpg',18),(75,'placa-mae/15-img-4.jpg',18),(76,'placa-mae/19-img-1.jpg',19),(77,'placa-mae/19-img-2.jpg',19),(78,'placa-mae/19-img-3.jpg',19),(79,'placa-mae/19-img-4.jpg',19),(80,'placa-mae/26-img-1.jpg',20),(81,'placa-mae/26-img-2.jpg',20),(82,'placa-mae/26-img-3.jpg',20),(83,'placa-mae/32-img-1.jpg',21),(84,'placa-mae/32-img-2.jpg',21),(85,'placa-mae/32-img-3.jpg',21),(86,'placa-mae/32-img-4.jpg',21),(87,'placa-mae/22-img-1.jpg',22),(88,'placa-mae/22-img-2.jpg',22),(89,'placa-mae/22-img-3.jpg',22),(90,'placa-mae/126-img-1.jpg',23),(91,'placa-mae/126-img-2.jpg',23),(92,'placa-mae/126-img-3.jpg',23),(93,'placa-mae/127-img-1.jpg',24),(94,'placa-mae/127-img-2.jpg',24),(95,'placa-mae/127-img-3.jpg',24),(96,'placa-mae/127-img-4.jpg',24),(97,'placa-mae/128-img-1.jpg',25),(98,'placa-mae/128-img-2.jpg',25),(99,'placa-mae/128-img-3.jpg',25),(100,'placa-mae/128-img-4.jpg',25),(101,'placa-mae/129-img-1.jpg',26),(102,'placa-mae/129-img-2.jpg',26),(103,'placa-mae/129-img-3.jpg',26),(104,'placa-mae/129-img-4.jpg',26),(105,'placa-mae/131-img-1.jpg',28),(106,'placa-mae/131-img-2.jpg',28),(107,'placa-mae/131-img-3.jpg',28),(108,'placa-mae/131-img-4.jpg',28),(109,'placa-mae/132-img-1.jpg',29),(110,'placa-mae/132-img-2.jpg',29),(111,'placa-mae/133-img-1.jpg',30),(112,'placa-mae/133-img-2.jpg',30),(113,'placa-mae/133-img-3.jpg',30),(114,'placa-mae/133-img-4.jpg',30),(115,'memoria/115-img-1.jpg',15),(116,'memoria/115-img-2.jpg',15),(117,'memoria/115-img-3.jpg',15),(118,'memoria/18-img-1.jpg',31),(119,'memoria/18-img-2.jpg',31),(120,'memoria/23-img-1.jpg',32),(121,'memoria/23-img-2.jpg',32),(122,'memoria/23-img-3.jpg',32),(123,'memoria/114-img-1.jpg',34),(124,'memoria/114-img-2.jpg',34),(125,'memoria/116-img-1.jpg',36),(126,'memoria/116-img-2.jpg',36),(127,'memoria/116-img-3.jpg',36),(128,'memoria/116-img-4.jpg',36),(129,'memoria/117-img-1.jpg',37),(130,'memoria/117-img-2.jpg',37),(131,'memoria/117-img-3.jpg',37),(132,'memoria/118-img-1.jpg',38),(133,'memoria/118-img-2.jpg',38),(134,'memoria/118-img-3.jpg',38),(135,'memoria/118-img-4.jpg',38),(136,'memoria/120-img-1.jpg',40),(137,'memoria/120-img-2.jpg',40),(138,'memoria/120-img-3.jpg',40),(139,'memoria/121-img-1.jpg',41),(140,'memoria/122-img-1.jpg',42),(141,'memoria/124-img-1.jpg',43),(142,'memoria/124-img-2.jpg',43),(143,'memoria/125-img-1.jpg',44),(144,'memoria/125-img-2.jpg',44),(145,'memoria/125-img-3.jpg',44),(146,'fonte/107-img-1.jpg',14),(147,'fonte/107-img-2.jpg',14),(148,'fonte/107-img-3.jpg',14),(149,'fonte/100-img-1.jpg',45),(150,'fonte/100-img-2.jpg',45),(151,'fonte/100-img-3.jpg',45),(152,'fonte/101-img-1.jpg',46),(153,'fonte/101-img-2.jpg',46),(154,'fonte/102-img-1.jpg',47),(155,'fonte/102-img-2.jpg',47),(156,'fonte/102-img-3.jpg',47),(157,'fonte/103-img-1.jpg',48),(158,'fonte/103-img-2.jpg',48),(159,'fonte/103-img-3.jpg',48),(160,'fonte/104-img-1.jpg',49),(161,'fonte/104-img-2.jpg',49),(162,'fonte/104-img-3.jpg',49),(163,'fonte/104-img-4.jpg',49),(164,'fonte/105-img-1.jpg',50),(165,'fonte/106-img-1.jpg',51),(166,'fonte/106-img-2.jpg',51),(167,'fonte/106-img-3.jpg',51),(168,'fonte/106-img-4.jpg',51),(169,'fonte/108-img-1.jpg',52),(170,'fonte/108-img-2.jpg',52),(171,'fonte/108-img-3.jpg',52),(172,'fonte/108-img-4.jpg',52),(173,'fonte/109-img-1.jpg',53),(174,'fonte/109-img-2.jpg',53),(175,'fonte/109-img-3.jpg',53),(176,'fonte/109-img-4.jpg',53),(177,'fonte/110-img-1.jpg',54),(178,'fonte/110-img-2.jpg',54),(179,'fonte/110-img-3.jpg',54),(180,'fonte/111-img-1.jpg',55),(181,'fonte/111-img-2.jpg',55),(182,'fonte/111-img-3.jpg',55),(183,'fonte/112-img-1.jpg',56),(184,'fonte/112-img-2.jpg',56),(185,'fonte/112-img-3.jpg',56),(186,'fonte/112-img-4.jpg',56),(187,'fonte/113-img-1.jpg',57),(188,'fonte/113-img-2.jpg',57),(189,'cooler/134-img-1.jpg',59),(190,'cooler/134-img-2.jpg',59),(191,'cooler/134-img-3.jpg',59),(192,'cooler/134-img-4.jpg',59),(193,'cooler/135-img-1.jpg',60),(194,'cooler/135-img-2.jpg',60),(195,'cooler/135-img-3.jpg',60),(196,'cooler/136-img-1.jpg',61),(197,'cooler/136-img-2.jpg',61),(198,'cooler/137-img-1.jpg',62),(199,'cooler/137-img-2.jpg',62),(200,'cooler/137-img-3.jpg',62),(201,'cooler/137-img-4.jpg',62),(202,'cooler/138-img-1.jpg',63),(203,'cooler/138-img-2.jpg',63),(204,'cooler/138-img-3.jpg',63),(205,'cooler/138-img-4.jpg',63),(206,'cooler/139-img-1.jpg',64),(207,'cooler/139-img-2.jpg',64),(208,'cooler/139-img-3.jpg',64),(209,'cooler/140-img-1.jpg',65),(210,'cooler/140-img-2.jpg',65),(211,'cooler/140-img-3.jpg',65),(212,'cooler/140-img-4.jpg',65),(213,'cooler/141-img-1.jpg',66),(214,'cooler/141-img-2.jpg',66),(215,'cooler/141-img-3.jpg',66),(216,'cooler/141-img-4.jpg',66),(217,'cooler/142-img-1.jpg',67),(218,'cooler/142-img-2.jpg',67),(219,'cooler/142-img-3.jpg',67),(220,'cooler/142-img-4.jpg',67),(221,'cooler/143-img-1.jpg',68),(222,'cooler/143-img-2.jpg',68),(223,'cooler/143-img-3.jpg',68),(224,'cooler/144-img-1.jpg',70),(225,'cooler/144-img-2.jpg',70),(226,'cooler/144-img-3.jpg',70),(227,'cooler/144-img-4.jpg',70),(228,'cooler/146-img-1.jpg',71),(229,'cooler/147-img-1.jpg',72),(230,'cooler/147-img-2.jpg',72),(231,'cooler/147-img-3.jpg',72),(232,'cooler/147-img-4.jpg',72),(233,'cooler/145-img-1.jpg',69),(234,'cooler/145-img-2.jpg',69),(235,'cooler/145-img-3.jpg',69),(236,'cooler/145-img-4.jpg',69),(237,'cabo/28-img-1.jpg',92),(238,'cabo/28-img-2.jpg',92),(240,'gabinete/99-img-1.jpg',13),(241,'gabinete/99-img-2.jpg',13),(242,'gabinete/99-img-3.jpg',13),(243,'gabinete/99-img-4.jpg',13),(244,'gabinete/86-img-1.jpg',73),(245,'gabinete/86-img-2.jpg',73),(246,'gabinete/86-img-3.jpg',73),(247,'gabinete/86-img-4.jpg',73),(248,'gabinete/87-img-1.jpg',74),(249,'gabinete/87-img-2.jpg',74),(250,'gabinete/87-img-3.jpg',74),(251,'gabinete/87-img-4.jpg',74),(252,'gabinete/88-img-1.jpg',75),(253,'gabinete/88-img-2.jpg',75),(254,'gabinete/88-img-3.jpg',75),(255,'gabinete/88-img-4.jpg',75),(256,'gabinete/89-img-1.jpg',76),(257,'gabinete/89-img-2.jpg',76),(258,'gabinete/89-img-3.jpg',76),(259,'gabinete/89-img-4.jpg',76),(260,'gabinete/90-img-1.jpg',77),(261,'gabinete/90-img-2.jpg',77),(262,'gabinete/90-img-3.jpg',77),(263,'gabinete/90-img-4.jpg',77),(264,'gabinete/91-img-1.jpg',78),(265,'gabinete/91-img-2.jpg',78),(266,'gabinete/91-img-3.jpg',78),(267,'gabinete/92-img-1.jpg',79),(268,'gabinete/92-img-2.jpg',79),(269,'gabinete/92-img-3.jpg',79),(270,'gabinete/92-img-4.jpg',79),(271,'gabinete/93-img-1.jpg',80),(272,'gabinete/93-img-2.jpg',80),(273,'gabinete/93-img-3.jpg',80),(274,'gabinete/93-img-4.jpg',80),(275,'gabinete/94-img-1.jpg',81),(276,'gabinete/94-img-2.jpg',81),(277,'gabinete/94-img-3.jpg',81),(278,'gabinete/94-img-4.jpg',81),(279,'gabinete/95-img-1.jpg',82),(280,'gabinete/95-img-2.jpg',82),(281,'gabinete/95-img-3.jpg',82),(282,'gabinete/95-img-4.jpg',82),(283,'gabinete/96-img-1.jpg',83),(284,'gabinete/96-img-2.jpg',83),(285,'gabinete/96-img-3.jpg',83),(290,'gabinete/84-img-1.jpg',84),(291,'gabinete/84-img-2.jpg',84),(292,'gabinete/84-img-3.jpg',84),(293,'gabinete/84-img-4.jpg',84),(294,'gabinete/98-img-1.jpg',85),(295,'gabinete/98-img-2.jpg',85),(296,'gabinete/98-img-3.jpg',85),(297,'gabinete/98-img-4.jpg',85),(298,'cabo/72-img-1.jpg',93),(299,'cabo/72-img-2.jpg',93),(300,'cabo/72-img-3.jpg',93),(301,'cabo/72-img-4.jpg',93),(302,'cabo/28-img-3.jpg',92),(303,'cabo/73-img-1.jpg',94),(304,'cabo/73-img-2.jpg',94),(305,'cabo/74-img-1.jpg',95),(306,'cabo/74-img-2.jpg',95),(307,'cabo/74-img-3.jpg',95),(308,'cabo/75-img-1.jpg',96),(309,'cabo/75-img-2.jpg',96),(310,'cabo/75-img-3.jpg',96),(311,'cabo/76-img-1.jpg',97),(312,'cabo/76-img-2.jpg',97),(313,'cabo/76-img-3.jpg',97),(314,'cabo/77-img-1.jpg',98),(315,'cabo/77-img-2.jpg',98),(316,'cabo/77-img-3.jpg',98),(317,'cabo/77-img-4.jpg',98),(318,'cabo/78-img-1.jpg',99),(319,'cabo/78-img-2.jpg',99),(320,'cabo/78-img-3.jpg',99),(321,'cabo/78-img-4.jpg',99),(322,'cabo/79-img-1.jpg',100),(323,'cabo/79-img-2.jpg',100),(324,'cabo/79-img-3.jpg',100),(325,'cabo/79-img-4.jpg',100),(326,'cabo/80-img-1.jpg',101),(327,'cabo/80-img-2.jpg',101),(328,'cabo/80-img-3.jpg',101),(329,'cabo/82-img-1.jpg',102),(330,'cabo/82-img-2.jpg',102),(331,'cabo/82-img-3.jpg',102),(332,'cabo/83-img-1.jpg',103),(333,'cabo/83-img-2.jpg',103),(334,'cabo/83-img-3.jpg',103),(335,'cabo/83-img-4.jpg',103),(336,'cabo/84-img-1.jpg',104),(337,'cabo/84-img-2.jpg',104),(338,'cabo/84-img-3.jpg',104),(339,'cabo/84-img-4.jpg',104),(340,'cabo/85-img-1.jpg',105),(341,'cabo/85-img-2.jpg',105),(342,'cabo/85-img-3.jpg',105),(343,'acessorios/49-img-1.jpg',12),(344,'acessorios/13-img-1.jpg',106),(345,'acessorios/13-img-2.jpg',106),(346,'acessorios/24-img-1.jpg',107),(347,'acessorios/24-img-2.jpg',107),(348,'acessorios/24-img-3.jpg',107),(349,'acessorios/24-img-4.jpg',107),(350,'acessorios/48-img-1.jpg',108),(351,'acessorios/48-img-2.jpg',108),(352,'acessorios/48-img-3.jpg',108),(353,'acessorios/48-img-4.jpg',108),(354,'acessorios/50-img-1.jpg',109),(355,'acessorios/50-img-2.jpg',109),(356,'acessorios/50-img-3.jpg',109),(357,'acessorios/51-img-1.jpg',111),(358,'acessorios/52-img-1.jpg',112),(359,'acessorios/52-img-2.jpg',112),(360,'acessorios/52-img-3.jpg',112),(361,'acessorios/52-img-4.jpg',112),(362,'acessorios/53-img-1.jpg',113),(363,'acessorios/53-img-2.jpg',113),(364,'acessorios/54-img-1.jpg',114),(365,'acessorios/54-img-2.jpg',114),(366,'acessorios/54-img-3.jpg',114),(367,'acessorios/54-img-4.jpg',114),(368,'acessorios/55-img-1.jpg',115),(369,'acessorios/55-img-2.jpg',115),(370,'acessorios/56-img-1.jpg',116),(371,'acessorios/56-img-2.jpg',116),(372,'acessorios/56-img-3.jpg',116),(373,'acessorios/56-img-4.jpg',116),(374,'acessorios/57-img-1.jpg',117),(375,'acessorios/57-img-2.jpg',117),(376,'acessorios/58-img-1.jpg',118),(377,'acessorios/58-img-2.jpg',118),(378,'acessorios/58-img-3.jpg',118),(379,'acessorios/58-img-4.jpg',118),(380,'acessorios/59-img-1.jpg',119),(381,'placa-de-video/39-img-1.jpg',11),(382,'placa-de-video/39-img-2.jpg',11),(383,'placa-de-video/39-img-3.jpg',11),(384,'placa-de-video/16-img-1.jpg',120),(385,'placa-de-video/16-img-2.jpg',120),(386,'placa-de-video/16-img-3.jpg',120),(387,'placa-de-video/21-img-1.jpg',122),(388,'placa-de-video/21-img-2.jpg',122),(389,'placa-de-video/21-img-3.jpg',122),(390,'placa-de-video/21-img-4.jpg',122),(391,'placa-de-video/37-img-1.jpg',124),(392,'placa-de-video/37-img-2.jpg',124),(393,'placa-de-video/37-img-3.jpg',124),(394,'placa-de-video/37-img-4.jpg',124),(395,'placa-de-video/38-img-1.jpg',125),(396,'placa-de-video/38-img-2.jpg',125),(397,'placa-de-video/38-img-3.jpg',125),(398,'placa-de-video/38-img-4.jpg',125),(399,'placa-de-video/40-img-1.jpg',126),(400,'placa-de-video/40-img-2.jpg',126),(401,'placa-de-video/40-img-3.jpg',126),(402,'placa-de-video/40-img-4.jpg',126),(403,'placa-de-video/41-img-1.jpg',127),(404,'placa-de-video/41-img-2.jpg',127),(405,'placa-de-video/41-img-3.jpg',127),(406,'placa-de-video/42-img-1.jpg',128),(407,'placa-de-video/42-img-2.jpg',128),(408,'placa-de-video/42-img-3.jpg',128),(409,'placa-de-video/42-img-4.jpg',128),(410,'placa-de-video/43-img-1.jpg',129),(411,'placa-de-video/43-img-2.jpg',129),(412,'placa-de-video/44-img-1.jpg',130),(413,'placa-de-video/44-img-2.jpg',130),(414,'placa-de-video/45-img-1.jpg',131),(415,'placa-de-video/46-img-1.jpg',132),(416,'placa-de-video/46-img-2.jpg',132),(417,'placa-de-video/46-img-3.jpg',132),(418,'placa-de-video/46-img-4.jpg',132),(419,'placa-de-video/47-img-1.jpg',133),(420,'placa-de-video/47-img-2.jpg',133),(421,'placa-de-video/47-img-3.jpg',133),(422,'placa-de-video/47-img-4.jpg',133),(423,'processador/25-img-1.jpg',134),(424,'processador/25-img-2.jpg',134),(425,'processador/60-img-1.jpg',135),(426,'processador/60-img-2.jpg',135),(427,'processador/61-img-1.jpg',136),(428,'processador/61-img-2.jpg',136),(429,'processador/62-img-1.jpg',137),(430,'processador/62-img-2.jpg',137),(431,'processador/62-img-3.jpg',137),(432,'processador/63-img-1.jpg',138),(433,'processador/63-img-2.jpg',138),(434,'processador/63-img-3.jpg',138),(435,'processador/64-img-1.jpg',139),(436,'processador/64-img-2.jpg',139),(437,'processador/64-img-3.jpg',139),(438,'processador/64-img-4.jpg',139),(439,'processador/65-img-1.jpg',140),(440,'processador/66-img-1.jpg',141),(441,'processador/66-img-2.jpg',141),(442,'processador/67-img-1.jpg',142),(443,'processador/68-img-1.jpg',143),(444,'processador/68-img-2.jpg',143),(445,'processador/68-img-3.jpg',143),(446,'processador/68-img-4.jpg',143),(447,'processador/69-img-1.jpg',144),(448,'processador/70-img-1.jpg',145),(449,'processador/71-img-1.jpg',146),(450,'processador/71-img-2.jpg',146);
/*!40000 ALTER TABLE `imagem_produto` ENABLE KEYS */;
UNLOCK TABLES;

--
-- Table structure for table `Item_Pedido`
--

DROP TABLE IF EXISTS `Item_Pedido`;
/*!40101 SET @saved_cs_client     = @@character_set_client */;
/*!50503 SET character_set_client = utf8mb4 */;
CREATE TABLE `Item_Pedido` (
  `Pedido_Id_Pedido` int NOT NULL,
  `Produto_Id_Produto` int NOT NULL,
  `Quantidade` int NOT NULL,
  `Preco_Unitario` decimal(10,2) NOT NULL,
  `Valor_Total` decimal(10,2) NOT NULL,
  KEY `Pedido_Id_Pedido` (`Pedido_Id_Pedido`),
  KEY `Produto_Id_Produto` (`Produto_Id_Produto`),
  CONSTRAINT `item_pedido_ibfk_1` FOREIGN KEY (`Pedido_Id_Pedido`) REFERENCES `Pedido` (`Id_Pedido`),
  CONSTRAINT `item_pedido_ibfk_2` FOREIGN KEY (`Produto_Id_Produto`) REFERENCES `Produto` (`Id_produto`)
) ENGINE=InnoDB DEFAULT CHARSET=utf8mb4 COLLATE=utf8mb4_0900_ai_ci;
/*!40101 SET character_set_client = @saved_cs_client */;

--
-- Dumping data for table `Item_Pedido`
--

LOCK TABLES `Item_Pedido` WRITE;
/*!40000 ALTER TABLE `Item_Pedido` DISABLE KEYS */;
/*!40000 ALTER TABLE `Item_Pedido` ENABLE KEYS */;
UNLOCK TABLES;

--
-- Table structure for table `Marca`
--

DROP TABLE IF EXISTS `Marca`;
/*!40101 SET @saved_cs_client     = @@character_set_client */;
/*!50503 SET character_set_client = utf8mb4 */;
CREATE TABLE `Marca` (
  `Id_Marca` int NOT NULL AUTO_INCREMENT,
  `Nome` varchar(45) NOT NULL,
  `Ativo` tinyint NOT NULL,
  PRIMARY KEY (`Id_Marca`)
) ENGINE=InnoDB AUTO_INCREMENT=83 DEFAULT CHARSET=utf8mb4 COLLATE=utf8mb4_0900_ai_ci;
/*!40101 SET character_set_client = @saved_cs_client */;

--
-- Dumping data for table `Marca`
--

LOCK TABLES `Marca` WRITE;
/*!40000 ALTER TABLE `Marca` DISABLE KEYS */;
INSERT INTO `Marca` VALUES (1,'Nvidia',1),(2,'Lorben',1),(3,'Positivo',1),(4,'Logitech',1),(5,'Jack Acessorios',1),(6,'Blue',1),(7,'Microsoft',1),(8,'Apple',1),(9,'Genérica',1),(10,'Trust',1),(11,'JACK3D.ACESSORIOS',1),(12,'Multilaser',1),(13,'LimitStore Acessórios',1),(14,'Maxprint',1),(15,'Forceline',1),(16,'Teclado',1),(17,'AMD',1),(18,'Qgeem',1),(19,'Furukawa',1),(20,'Sata',1),(21,'Ship G Eletronicos',1),(22,'Tomate',1),(23,'Inova',1),(24,'MB',1),(25,'Rochedão',1),(26,'Importador',1),(27,'KCSonline',1),(28,'Lehmox',1),(29,'Link',1),(30,'OEM',1),(31,'PowerX',1),(32,'Vinik',1),(33,'Montado',1),(34,'Nagano',1),(35,'Hayom',1),(36,'Rise Mode',1),(37,'K-Mex',1),(38,'Pichau',1),(39,'Hayom gb1749',1),(40,'Mymax',1),(41,'Fortrek',1),(42,'Dell',1),(43,'Deko',1),(44,'Brazil PC',1),(45,'Aerocool Advanced Technologies',1),(46,'C3Tech',1),(47,'One Power',1),(48,'Bluecase',1),(49,'Corsair',1),(50,'GameMax',1),(51,'Orionas',1),(52,'Kingston Hyper X',1),(53,'Micron',1),(54,'Kingston',1),(55,'Adata',1),(56,'EASY MEMORY',1),(57,'Corsair Vengeance',1),(58,'Kingston Value',1),(59,'Micron Crucial',1),(60,'XPG',1),(61,'Corsair Vengeance LPX',1),(62,' Kingston HyperX Fury ',1),(63,'Kingston Fury Beast',1),(64,'Kingston HyperX Fury',1),(65,'ISYNC',1),(66,'Machinist',1),(67,'GoLine',1),(68,'PC-Tech',1),(69,'Kazuk',1),(70,'Asus',1),(71,'Afox',1),(72,'Gigabyte',1),(73,'Intel',1),(74,'ATR005',1),(75,'Deepcool',1),(76,'T-Dagger',1),(77,'Master',1),(78,'Knup',1),(79,'AeroCool',1),(80,'Rise',1),(81,'Pcyes',1),(82,'Dex',1);
/*!40000 ALTER TABLE `Marca` ENABLE KEYS */;
UNLOCK TABLES;

--
-- Table structure for table `Pedido`
--

DROP TABLE IF EXISTS `Pedido`;
/*!40101 SET @saved_cs_client     = @@character_set_client */;
/*!50503 SET character_set_client = utf8mb4 */;
CREATE TABLE `Pedido` (
  `Id_Pedido` int NOT NULL AUTO_INCREMENT,
  `Descricao` varchar(255) NOT NULL,
  `Quantidade` int NOT NULL,
  `Preco_Unitario` decimal(10,2) NOT NULL,
  `Subtotal` decimal(10,2) NOT NULL,
  `Cliente_Id_Cliente` int NOT NULL,
  PRIMARY KEY (`Id_Pedido`),
  KEY `Cliente_Id_Cliente` (`Cliente_Id_Cliente`),
  CONSTRAINT `pedido_ibfk_1` FOREIGN KEY (`Cliente_Id_Cliente`) REFERENCES `Cliente` (`Id_Cliente`)
) ENGINE=InnoDB DEFAULT CHARSET=utf8mb4 COLLATE=utf8mb4_0900_ai_ci;
/*!40101 SET character_set_client = @saved_cs_client */;

--
-- Dumping data for table `Pedido`
--

LOCK TABLES `Pedido` WRITE;
/*!40000 ALTER TABLE `Pedido` DISABLE KEYS */;
/*!40000 ALTER TABLE `Pedido` ENABLE KEYS */;
UNLOCK TABLES;

--
-- Table structure for table `produto`
--

DROP TABLE IF EXISTS `produto`;
/*!40101 SET @saved_cs_client     = @@character_set_client */;
/*!50503 SET character_set_client = utf8mb4 */;
CREATE TABLE `produto` (
  `Id_produto` int NOT NULL AUTO_INCREMENT,
  `Nome` varchar(255) NOT NULL,
  `Descricao` varchar(5000) DEFAULT NULL,
  `Preco` decimal(10,2) NOT NULL,
  `Ativo` tinyint NOT NULL,
  `Data_Criacao` datetime DEFAULT NULL,
  `Categoria_Id_Categoria` int NOT NULL,
  `Marca_Id_Marca` int NOT NULL,
  `Destaque_Id_Destaque` int DEFAULT NULL,
  PRIMARY KEY (`Id_produto`),
  KEY `Categoria_Id_Categoria` (`Categoria_Id_Categoria`),
  KEY `Marca_Id_Marca` (`Marca_Id_Marca`),
  KEY `Destaque_Id_Destaque` (`Destaque_Id_Destaque`),
  CONSTRAINT `produto_ibfk_1` FOREIGN KEY (`Categoria_Id_Categoria`) REFERENCES `Categoria` (`Id_Categoria`),
  CONSTRAINT `produto_ibfk_2` FOREIGN KEY (`Marca_Id_Marca`) REFERENCES `Marca` (`Id_Marca`),
  CONSTRAINT `produto_ibfk_3` FOREIGN KEY (`Destaque_Id_Destaque`) REFERENCES `Destaque` (`Id_Destaque`)
) ENGINE=InnoDB AUTO_INCREMENT=147 DEFAULT CHARSET=utf8mb4 COLLATE=utf8mb4_0900_ai_ci;
/*!40101 SET character_set_client = @saved_cs_client */;

--
-- Dumping data for table `produto`
--

LOCK TABLES `produto` WRITE;
/*!40000 ALTER TABLE `produto` DISABLE KEYS */;
INSERT INTO `produto` VALUES (1,'Processador Intel Core i9-10900KF BX8070110900KF de 10 núcleos e 5.3GHz de frequência','Núcleos: o coração do processador Neste produto, você encontrará os núcleos, que são responsáveis por executar as instruções e atividades que você atribui ao seu dispositivo. Estes estão diretamente relacionados com dois elementos: os threads e o modelo. Portanto, na hora de escolher um processador, é importante que você valorize os três como um todo.Máxima potência Quando desbloqueado, você poderá fazer overclocking e assim aumentar a freqüência de funcionamento e otimizar o desempenho do seu dispositivo. Personalize ao seu gosto e curta seus videogames ou agilize a renderização de imagens. Descubra as variedades de posibilidades que este recurso oferece a você!',3108.00,1,'2024-01-20 14:52:24',18,73,1),(2,'Placa De Video Amd Radeon Rx580 8gb 256bits Gddr5 Hdmi Gamer','- Prezado cliente, somos a MOC TECNOLOGIA, especialistas em informática e MercadoLíder Gold, estamos entre os melhores vendedores da plataforma! - Todos os nossos produtos possuem Nota Fiscal e a garantia é diretamente conosco, sem demora e sem estresse! - Você não precisa se preocupar na hora de sua compra, temos estoque disponível a pronta entrega ; ) Chega de atendimento ruim! A MOC tem serviço de Pós- venda! Sim, é isso mesmo! Após a sua compra você terá contato direto com nosso setor operacional e com nossos técnicos para esclarecer todas as suas dúvidas desde o rastreamento do seu objeto até a resolução de algum problema com o seu produto!',1179.00,1,'2024-01-20 14:57:25',8,17,1),(3,'Placa Mãe Lga1155 Chipset Intel H61 16gb Usb 2.0','Placa Mãe LGA1155 Chipset Intel H61 16GB USB 2.0 \nA Placa Mãe LGA1155 Chipset Intel H61 é uma placa Micro-ATX que foi desenvolvida para suportar os processadores Intel Sandy Bridge i7/i5/il3. \nCPU: Processadores Intel Sandy Bridge i7 i5/il3 (LGA1155).. Suporte para processadores: 3ª e 2ª Geração de processadores Intel Core i3/ i5 / i7, Celeron e Pentium \nSocket: 1155 \nMemória: 2*DDR3 1066/1333/1600 SDRAM (16gb Max) \nSlot de expansão: \n- 1x slot PCI Express x16, rodando em x16 \n- 1x slots PCI Express x1 \n- 1x conector NVME-M2 \nSaída de vídeo: \n1x porta VGA 1x porta HDMI \nArmazenamento: 4x conectores SATA (3gb/s) \nRede: Realtek 8105E 100Mbps \nUSB: 8x portas USB 2.0 ( 6 portas no painel traseiro, \n1 porta disponível através dos conectores internos USB) \nÁudio: - Realtek 662 \n- Áudio de alta definição \nDimensões: 17x19 (CxL) \nPeso: 500gr \nItens inclusos: \n1 Placa mãe \n1 Termo de garantia \n1 Driver de CD',283.71,1,'2024-01-20 15:05:34',1,78,1),(4,'Gabinete Com Fan Rgb Mid Tower Lateral Em Vidro Atx Preto','Especificações Técnicas: \nEsse gabinete Monstro, oGB1706 da Hayom, com compatibilidade para as mais diferentes montagens,vem com 03 fans ARGB inclusas para deixar o fluxo de ar perfeito dentro do gabinete e, conta ainda com uma lateral de vidro temperado,permitindoque você admire o interior da sua obra. Simplesmente demais! \n- Marca:Hayom \n- Modelo: GB1706 \n- Formato: Mid-Tower \n- Dimensões: 355 x 190 x 435mm \n- Peso: 5,6 kg (Bruto com Caixa) \n- Cor Exterior e Interior: Preto \n- Material: SPCC \n- Cooler Incluso: 3FANS ARGB: 120mm (Frontal) \n- Compatibilidade dos FANS: Topo: 2x120mm ; Frente: 3x120mm ; Atrás: 1x120mm \n- Disco 3,5 HDD (1 Baia) \n- Disco 2,5 SSD (1 Baia) \n- Slots de expansão: 7 \n- Placa mãe Suportada:ATX/Micro ATX \n- Fonte suportada: ATX na parte de baixo \n- Painel Frontal: USB3.0*1 / USB1.0*1 / Audio \n- Espaço: Limitação de comprimento: PCI-E 300 mm',578.00,1,'2024-01-20 15:09:26',5,35,1),(5,'Apple Magic Mouse 2 Prateado','O Magic Mouse 2 é totalmente recarregável e dispensa o uso de pilhas. E, graças à bateria interna, ele é mais leve, tem menos peças e sua estrutura inferior não tem emendas. Tudo isso ajuda o Magic Mouse 2 a deslizar facilmente e com precisão sobre a mesa. Com a superfície Multi-Touch, você navega em documentos e entre páginas da internet fazendo gestos simples. O Magic Mouse 2 já sai da caixa pronto para funcionar e emparelha na hora com seu Mac.',512.00,1,'2024-01-20 15:11:50',7,8,1),(6,'Kit Processador I5 3470 + Placa H61 1155 + 8gb Ddr3 1600mhz','Placa Mãe: \n- Modelo: H61 \n- Chipset: H61 \n- Capacidade: 16GB \nProcessador: \n- Modelo:I5 3470 \n- Nº de Núcleos: 4 \n- Cache: 6 mb \n- Frequência baseada em processador: 3,20 GHz \n- Frequência turbo max: 3,60 GHz \n- Socket: 1155 3ª geração \n Memória RAM: \n- Capacidade: 8GB \n- Tipo: DDR3',619.99,1,'2024-01-21 15:56:49',18,73,2),(8,'Cooler Duplo Rgb Cpu Fan Pc Intel Amd 775 1151 1155 Am3 Am4','Cooler Universal Fan Duplo Face Led Rgb P/Processador Intel/Amd \nEspecificações: \n- 3x6mm heat pipes para melhor condução de calor \n- CPU heat pipe com contato direto para uma melhor condutividade térmica; \n- Dupla Fan 92mm com a função PWM para entregar o fluxo de ar suficiente para dispersar o calor \n- Kit universal de montagem (INTEL E AMD)',132.00,1,'2024-01-21 16:02:16',4,82,2),(9,'Memoria Ddr3 Kingston 4gb 1866 Mhz Hyperx Fury ','Especificações: \nMódulo Unico de 4 gb 240-Pin \nVelocidade De Frequência: 1866 mhz \nLatência Cas: 9-9-9-27 E 10-10-10-30 \nTensão: 1,5v \nTemperatura De Operação: 0°C A 85°C \nTemperatura De Armazenagem: -55°C A 100°C \nDimensões Do Módulo: 133,35 Mm X 32,8mm',319.99,1,'2024-01-21 16:04:21',2,64,2),(10,'Fonte de alimentação para PC One Power MP500W3-I 500W preta 110V/220V','Com a fonte de alimentação One Power MP500W3-I você pode garantir a corrente contínua e estável de seu computador desktop e otimizar o funcionamento de seus componentes. \nProteção segura \nO sistema de proteção OPP realiza monitoramento constante da corrente e, no caso de detectar uma sobrecarga de energia, desliga o dispositivo para evitar danos.',175.00,1,'2024-01-21 16:06:39',3,47,2),(11,'Placa de vídeo Nvidia Dex GeForce 500 Series GTX 550 Ti PV-05 1GB','Esse componente eletrônico processa as informações que chegam ao dispositivo e as transforma em imagens ou vídeos para exibi-las visualmente. É ideal para trabalhar com aplicativos gráficos, pois permite obter imagens mais nítidas. \nA Nvidia é o fabricante líder de placas de vídeo, sua qualidade garante uma experiência positiva no desenvolvimento do motor gráfico do seu computador. Além disso, seus processadores usam tecnologia de ponta para que você possa desfrutar de um produto rápido e durável. \nVelocidade em cada leitura \nAo contar com 192 núcleos, os cálculos para o processamento gráfico serão realizados de maneira simultânea, conseguindo um ótimo resultado do trabalho da placa. Isso permitirá que faça leituras esparsas e rápidas de e para a GPU. \nQualidade de imagem \nCritério fundamental na escolha uma placa de vídeo, a sua resolução de 1920x1080 não irá decepcioná-lo. A decodificação dos píxeis na sua tela fará com que você veja até os menores detalhes em cada ilustração.',433.00,1,'2024-01-21 16:09:53',8,1,3),(12,'Teclado Mouse Wireless Preto Para Notebook Positivo','O kit de teclado e mouse da Positivo é perfeito para ajudá-lo a realizar suas atividades diárias. Essa combinação é adaptada para fazer diferentes tarefas, sejam elas de trabalho, escola ou de qualquer tipo.',49.90,1,'2024-01-21 16:10:59',7,3,3),(13,'Gabinete Gamer Rgb 1749 Lateral E Frontal Em Vidro C/ 4 Fans','O gabinete GB1749 possui acabamento externo em vidro temperado, deixando-o extremamente bonito. Case robusto e completo para montar um completo setup gamer / worker. Flexibilidade na instalação das suas peças e acessórios. Boa refrigeração dos seus componentes. Possui espaço para 6 Fans (4 acompanham o gabinete). A fonte é instalada na parte inferior. \nPlaca Mãe ATX/M-ATX \nPlaca de vídeo Máximo 310mm \nDisco 3.5 HDD* 1 / 2.5 SSD* 2 \nPainel Frontal USB3.0*1 / USB2.0*2 / Audio \nVidros temperados \nFonte de Alimentação: ATX (não inclusa) \nPosição da fonte: inferior \nPCI-E 7 Slots disponíveis \nSuporta 4 Fans \n4 Fan Coolers inclusos(RGB ESTÁTICO) \nFrente: 3x 120mm (inclusos) \nTraseira: 1 x 120mm (incluso) \nTamanho 330x180x425mm \nPeso Bruto: 4,3Kg \n*Fonte na parte inferior \n*Acompanha 4 fans RGB \n*RGB dos fans são estáticos \n*frontal e lateral em vidro temperado 4mm \n* suporta placa de vídeo de ate 31cm \n*Placa mãe suportada ATX, M-ATX, M-ITX \n*imagens meramente ilustrativa',289.99,1,'2024-01-21 16:13:34',5,39,3),(14,'Fonte Atx 200w Silenciosa Pc Bivolt S/ Cabo De Força','Produto de alta qualidade e eficiência para seu PC ou DESKTOP. Fonte super silenciosa atendendo computadores convencionais. \nAtravés de seu sistema de refrigeração, você poderá manter a temperatura ideal de seus componentes e evitar o superaquecimento. \nEspecificações do Produto: \nC3 Tech \nEAN: \n7898555217218 \nLargura (bruto) 0.08 \nProfundidade (bruto) 0.15 \nPeso (bruto) :0.69 \nAltura (bruto) :0.11 \nSATA: 2 \nPCI-e: 1 \nPoE (802.3af/at) : Não \nPotência W (Real): 200W \nGarantia Fabricante: 1 Ano \nTipo: ATX \nPinos Fonte: 20+4 \nTensão de Entrada: 115 ou 230V Manual \nPFC Ativo: NÃO \n80 Plus: NÃO \nVentilador: 80x80mm \nCor: Cinza',52.80,1,'2024-01-21 16:16:12',3,46,3),(15,'Memoria Ram Kingston Hyper X Beast Rgb 8gb 2666mhz','Memoria Ram Kingston Hyper X Beast Rgb 8gb 2666mhz',340.00,1,'2024-01-21 16:17:25',2,52,3),(16,'Placa Mãe Asus Tuf Gaming B550m-plus Amd Am4 Ddr4 Ryzen B550','B550M-PLUS reúne os elementos essenciais da mais recente plataforma AMD e os combina comfuncionalidades prontas para jogos e durabilidade comprovada. Projetadas com componentes de nível militar, soluções de energia aprimoradas e um conjunto abrangente de opções de refrigeração, essas placas-mãe oferecem desempenho sólido com estabilidade inabalável em jogos. \nCaracterísticas: \n- Marca: Asus \n- Modelo: 90MB14A0-C1BAY0  \nProcessador AMD Ryzen de 3 Geração: \n- Memória 4 x DIMM, máximo de 128GB , DDR4 \nArquitetura de memória: Dual Channel \nProcessadores AMD Ryzen PRO de nova geração: \n- O Suporte a ECC Memory (modo ECC) varia de acordo com a CPU',1379.00,1,'2024-01-21 16:42:25',1,70,NULL),(17,'Kit Fullpack X99 Mr9a Pro + E5-2650v4 + Mem 32gb + Cooler!','Super KIT Gamer/PRO Machinist: Motherboard X99, Xeon V4, 32GB DDR4 e COOLER RGB ! \n- Proc. Xeon E5-2650V4 LGA 2011-3 (12 núcleos/24 threads); \n- Memórias DDR4 Atermiter PC2400 - 2 x 16GB, com dissipador; \n- Cpu Cooler Duplo Fan RGB fixo CoolerStar CS-92C, TDP até 130W; \n- Placa-mãe Machinist X99-MR9A PRO (Perseus): \nMarca: Machinist \nCondição: novo \nSoquete da cpu: lga 2011-3 \nModelo da placa-mãe: X99-MR9A \nEstrutura: ATX \nChipset: Intel B85 \nSlot de memória: 4 * ddr4 (quatro canais de memória) \nMemória máxima suportada: 4*32gb ddr4',1895.00,1,'2024-01-21 16:46:07',1,66,NULL),(18,'Kit Upgrade Gamer - Intel Core I7 3.8ghz + H61 + 16gb De Ram','O kit [OEM] é composto por: \n- 1x Processador Intel Core i7 Clock de 3.8Ghz Turbo (i7 2600s) - 8 Núcleos Lógicos (Threads) \n- 1x Placa de Vídeo Intel HD Graphics 2000 (Integrada) \n- 1x Cooler próprio e especifico e original Duex para Processador Intel (O qual permite um melhor resfriamento em comparação com os coolers universais) - Foto 2 \n- 1x Placa Mãe Intel Chipset B75 LGA 1155 (Permite o uso de 2 monitores simultâneos) - Foto 3 \n- 2x Memória RAM Gamer 8GB RZX / Ceamere Black Gaming 1600Mhz de Alto Desempenho e Performance - Foto 4',1495.00,1,'2024-01-21 16:47:24',1,73,NULL),(19,'Kit Pc Gamer B75 I7 16gb Ram Ssd 240gb Cooler Fonte Gamer','KIT UPGRADE PLACA MÃE B75 + PROCESSADOR INTEL CORE I7 + MEMÓRIA 16GB + SSD 240GB + COOLER PARA PC + FONTE 500W ATX GAMER',1399.00,1,'2024-01-21 16:48:19',1,65,NULL),(20,'Placa Mae Am4 Gigabyte B450m Ds3h V2 Amd Ryzen Micro Atx','Placa Mae Gigabyte B450M DS3H V2 DDR4 Socket AM4 Chipset AMD B450 B450M-DS3H-V2 \nA Placa Mãe Gigabyte B450M DS3H V2 é uma placa micro-ATX, com quatro slots DDR4 DIMM, que suporta até a 3ª geração Ryzen, e até 128 GB de memória do sistema. Ainda possui a Tecnologia Multi-GPU, que permite que duas placas de vídeos diferentes (AMD & Nvidia) funcionem simultaneamente, com o objetivo de melhorar a performance gráfica do seu computador. \nTudo isso, somado ao excelente processador gráfico integrado e ao Codec Realtek ALC887 – cujo objetivo é deixar qualquer tipo de áudio do seu PC em alta definição – confirmam que a Placa Mãe Gigabyte B450M DS3H V2 é a escolha perfeita para quem busca uma placa que de forma rápida una todos os componentes do computador, e permita que ele funcione de forma completamente organizada – tendo todas as trocas de informações necessárias entre os processadores, memórias, sistemas de armazenamento e afins.',1058.00,1,'2024-01-21 16:51:09',1,72,NULL),(21,'Placa Mãe Lga1151 Chipset Lan 100 Intel H110 32gb Usb 3.0','Placa Mãe LGA1151 Chipset LAN 100 Intel H110 32GB USB 3.0 \n Placa Mãe LGA1151 Chipset Intel H110 é uma placa Micro-ATX que foi desenvolvida para suportar os processadores Intel Core i7/ Core i5/ Core i3/ Celeron/Pentium. \nCompatível com Processadores 6ª E 7ª GERAÇÃO.',454.75,1,'2024-01-21 16:55:34',1,78,NULL),(22,'Placa Mãe Asus Rog Strix B450-i Amd Am4 Ryzen Itx Wifi B450','Processador(es) \nAMD AM4 Socket AMD Ryzen™ 2nd Generation/Ryzen™ with Radeon™ Vega Graphics/Ryzen™ 1st Generation Processors \n* Refer to www.asus.com for CPU support list \nChipset \nAMD B450 \nMemória \nAMD Ryzen™ 2nd Generation Processors \n2 x DIMM, Max. 32GB, DDR4 ',1139.00,1,'2024-01-21 16:59:24',1,70,NULL),(23,'Placa Mãe Goline A320m-g Am4/ddr4 /giga','LanRealtek RTL8111M 1000Mbps \nModeloA320M-G \nProcessador gráfico (GPU)Integrado \nFator de formaMicro ATX \nChipsetAMD A320 \nPainel Traseiro1x HDMI / 1x D-Sub (VGA) / 4x USB 3.0 - 2x USB 2.0 / 1x RJ45 / 1x PS-2 Mouse / 1x PS-2 Teclado / 2x Conectores de audio \nMemória2x DDR4 DIMM (32GB Max) \nSATA4x SATA 3.0 / Suporte ANCI / 1x M.2 SATA/NVMe \nMarcaGoline \nProcessador (CPU)Suporte processadores AMD Am4 / Ryzen 1000,2000,3000 Series / 7th Apu A8, A10, A12 Series \nÁudioAM4 \nDimensão21,5 x 18,5 cm',429.65,1,'2024-01-21 17:01:32',1,67,NULL),(24,'Placa Mãe Goline 1155 /rede Giga/m.2/usb 3.0','Processador Suportado Intel Core i7 / i5 / i3 / Pentium e Celeron \nArmazenamento4 conectores SATA \nSistema OperacionalMicrosoft Windows 7 / 8.1 / 10 \nMarca GOLINE \nSlot de expansão1 Slot PCIe x16 - 1 Slot PCIe x1 \nChipsetIntel H61 Express \nÁudio6 canais - Áudio Codec (Realtek ALC662) \nFator de formaMicro ATX \nModeloGL-H61-MA \nRede 100/1000 (Gigabit) \nPortas E/S do painel traseiro1 USB Teclado - 1 USB Mouse - 1 VGA - 1 HDMI - 4 USB 2.0 - 1 LAN (RJ-45) - 3 Conectores de áudio',329.90,1,'2024-01-21 17:03:37',1,73,NULL),(25,'Placa Mãe H61 Lga 1155 2ª E 3ª Rd 10x Usb 2xddr3 Pc-tech Nf','Ficha Técnica \nProcessador:Suporte para processadores Intel Core i7 / i5 / i3 / Pentium / Celeron de 2 / 3 geração no pacote LGA1155 \nChipset: Intel H61 chipset \nMemória: 2 DDR3 800/1066/1333 DIMM slots (8GB Max) \nLan:Suporta LAN 10/100 Fast Ethernet da Realtek 8105E \nAudio:Chip integrado por Realtek ALC662, suporta saída de áudio de 5.1 canais \nInterface de Armazenamento: 4 SATA 3Gb/s ports',204.68,1,'2024-01-21 17:06:04',1,68,NULL),(26,'Placa-mãe Asus Prime H310m-e R2.0/br, Intel Lga 1151, Ddr4','Placa Mãe Asus p/Intel 1151 H310M-E R2.0/BR 2xDDR4 90MB11X0-C1BAY0 \nCPU \nProcessadores Intel Socket 1151 para 9° / 8° Geração Intel Core, Pentium, Celeron \nChipset \nProcessadores Intel H310 \nMemory \nMemória 2 x DIMM, máximo de 32GB, DDR4 2666/2400/2133 MHz Non-ECC, Un-buffered \nArquitetura de memória: Dual Channel \nGraphic \nProcessador Gráfico Integrado \nExpansion Slots \n1 x PCIe 3.0/2.0 x16 (modo x16, cinza(s)) \n2 x PCIe 3.0/2.0 \nLAN \n1 x Gigabit LAN Realtek RTL8111H \nAudio \nRealtek ALC887 com 8 canais - CODEC de alta definição',645.00,1,'2024-01-21 17:08:13',1,70,NULL),(28,'Placa Mãe Kazuk Lga 1156 H55 Ddr3 8gb Hdmi - 1600mhz','Conectores Entrada e Saída: \n4 conectores SATA 3Gb/s; \n1 conector painel frontal; \n1 conector DEBUG interno; \n1 conector de áudio frontal; \n4 portas USB 2.0/1.1; \n2 portas USB 2.0/1.1 internos; \n1 saída VGA; \n1 saída HDMI; \n1 porta RJ-45; \n1 saída de áudio; \nDimensões: 187mm x 170mm.',401.21,1,'2024-01-21 17:11:02',1,69,NULL),(29,'Placa Mae Afox H61 Ih61-ma2 Ddr3 Usb 2.0 Vga/hdmi Lga 1155','Platform - INTEL® Socket 1155 \nModel Name - IH61-MA9-V2 \nChipset - Intel® H61 \nCPU Supports - Intel Core™ i7 / Core™ i5 / Core™ i3 / Pentium® / Celeron® \nFSB - 1066 / 1333 / 1600MHz \nMemory - Dual Channel DDR3 1066 / 1333 / 1600MHz \nDimm - 2 x Memory Slots (Max. capacity of system memory 16GB) \nOnboard Graphics - Integrated Graphics Processor \nPCI/PCI-E Slots - 1 x PCI Express x16 slot, 1 x PCI Express x1 slot \nSATA - 4 x SATA2, 1 x M.2 (PCIe NVMe Gen3 x4 ) \nAudio - Realtek 662 on board, Supports 6-channel audio-out \nLAN - Realtek RTL81110100Mbps Ethernet on board',351.40,1,'2024-01-21 17:12:31',1,71,NULL),(30,'Kit Upgrade Gamer - Intel Core I5 3.4ghz + H61 + 8gb De Ram','- 1x Processador Intel Core i5 Clock de 3.7Ghz Turbo Boost Tecnology (i5 2500s) - 4 Núcleos Físicos. \n- 1x Placa de Vídeo Intel HD Graphics 2000 (Integrada) \n- 1x Cooler próprio e especifico e original Duex para Processador Intel (O qual permite um melhor resfriamento em comparação com os coolers universais) - Foto 2 \n- 1x Placa Mãe Intel Chipset H61 LGA 1155 (Permite o uso de 2 monitores simultâneos) compatível com SSD M.2 - Foto 3 \n- 1x Memória RAM Gamer 8GB RZX / Ceamere Gaming Fire Black 1600Mhz de Alto Desempenho e Performance - Foto 4',997.36,1,'2024-01-21 17:13:58',1,73,NULL),(31,'Memória RAM Vengeance LPX color preto 32GB 1 Corsair CMK32GX4M1D3000C16','Com desenhos únicos e modernos, a Corsair é uma das marcas mais escolhidas pelos usuários na hora de comprar uma memória ram. Carregar programas mais rapidamente, aumentar a capacidade de responder e executar aplicativos pesados são alguns dos recursos e vantagens que você terá ao comprar essa memória. Não espere mais para melhorar o desempenho do seu computador. \nAumente o seu PC \nCom sua tecnologia DDR4, melhorará o desempenho do seu dispositivo operando em 3 e 4 canais, gerando maior fluidez e velocidade na transferência de dados. Otimize o desempenho do seu computador ao máximo! \nSeu equipe como novo \nEsta memória é ideal para o seu Computadores de mesa. Instale-a e comece a desfrutar de uma operação ideal! \nVelocidade para exigentes \nSe você é um fã de jogos online ou trabalha com programas ou aplicativos pesados, essa memória é para você. Graças à sua velocidade de 3000 MHz, pode desfrutar de alto desempenho e fazer seus trabalhos de forma rápida e eficaz.',1399.00,1,'2024-01-21 19:20:19',2,61,NULL),(32,'Memória Ddr5 16gb 5200mhz Xpg Lancer Rgb','Características: \n- Marca: XPG \n- Modelo: AX5U5200C3816G-CLARBK \nEspecificações: \n- Velocidade: DDR5 5200MHz \n- CAS Lantencia: 38-38-38 \n- Tamanho do módulo: 16 GB \nOperacional: \n- Temperatura de operação: 0 ° C a 85 ° C \n- Temperatura de armazenamento: -20 ° C a 65 ° C \n- Tensão de operação: 1,25 V \n- Dimensões (LxWxA): 133,35 x 40 x 8 mm \nCor do dissipador de calor: \n- Preto \nConteúdo da Embalagem: \n- 1 memória XPG DDR5 de 16 GB \nGarantia: \n- 06 meses de garantia \nPeso: \n90 gramas (bruto com embalagem)',1154.00,1,'2024-01-21 19:23:00',2,60,NULL),(34,'Memoria Ddr3l 16gb 1600mhz Low Voltagem Note Mac 2x8gb','Especificações: \n- Marca: Orionas \n- Tipo: DDR3L \n- Capacidade: 16GB \n- Voltagem: 1.35V \n- Velocidade: 1600Mhz \n- Latência: CL11 \n- Registrado: Não \n- Paridade: Não \n- Formato: SODIMM \n- Módulo / Chip: DDR3-1600, PC3-12800- 204-pin \n- Unbuffered / Non ECC \n- Contém 2pentes de memória de 8GB \n- Garantia de funcionamento com as plataformas Intel e AMD',248.85,1,'2024-01-21 19:26:20',2,51,NULL),(36,'Memoria Nova Orignal 8gb Ddr3l 1866 iMac 2015 Retina 5k 27','As memorias da marca Micron modelo DDR3L - 1867MHz - 1,35V, são as memorias utilizadas nos modelos do iMac Retina 5K, 27 polegadas, final de 2015.\nOriginais de fabrica e novas, são os modelos utilizados pela Apple.',389.90,1,'2024-01-21 19:29:09',2,53,NULL),(37,'Memória Kingston Ddr3 4gb 1333 Mhz Desktop Kit C/ 02 Unidades','ESPECIFICAÇÕES TÉCNICAS \nComputador: Desktop \nTecnologia de memória: SDRAM \nPlaca mãe: DDR3 \nCompatibilidade: INTEL e AMD \nVelocidades: PC3 - 10600 \nFrequências: 1333 MHZ \nCapacidade de armazenamento: 4GB \nPinos: 240 \nQuantidade de chips: 16 chips \nVoltagem: 1.5v',174.89,1,'2024-01-21 19:31:41',2,54,NULL),(38,'Kit 2 Memoria Ddr2 4gb (2x2gb) Adata 800mhz Nova Oem','Descrição do produto: /nAumente o seu PC /nCom este módulo de memória DDR2, seu dispositivo poderá dobrar a frequência nominal das tecnologias DDR. Além disso, você reduzirá o consumo de energia, pois opera tanto na parede lateral alta do relógio quanto no lado baixo, nos pontos de 0 e 1,8 volts. /nSeu equipe como novo /nEsta memória é ideal para o seu Computadores de mesa. Instale-a e comece a desfrutar de uma operação ideal! /nTrabalhe livremente /nVocê pode usá-lo para atividades domésticas e também navegar na Internet. enviar e-mails ou multimídia, ou trabalhar usando várias funções simultaneamente, esta memória é para você. Graças à sua velocidade de 800 MHz, será capaz de executar todas as suas tarefas de forma rápida e eficaz.',60.98,1,'2024-01-21 19:33:48',2,55,NULL),(40,'Memória RAM Vengeance color preto 32GB 1 Corsair CMSX32GX4M1A2666C18','Aumente o seu PC \nCom sua tecnologia DDR4, melhorará o desempenho do seu dispositivo operando em 3 e 4 canais, gerando maior fluidez e velocidade na transferência de dados. Otimize o desempenho do seu computador ao máximo! \nSeu equipe como novo \nEsta memória de formato SODIMM é ideal para o seu Notebooks. Instale-a e comece a desfrutar de uma operação ideal! \nVelocidade para exigentes \nSe você é um fã de jogos online ou trabalha com programas ou aplicativos pesados, essa memória é para você. Graças à sua velocidade de 2666 MHz, pode desfrutar de alto desempenho e fazer seus trabalhos de forma rápida e eficaz.',679.00,1,'2024-01-21 19:36:48',2,57,NULL),(41,'Memória RAM ValueRAM color verde 8GB 1 Kingston KVR1333D3S9/8G','Aumente o seu PC \nCom este módulo de tecnologia DDR3, você melhorará o desempenho do seu dispositivo, alcançando velocidades mais altas de transferência e barramento. Além disso, opera em níveis de baixa tensão, o que otimiza o desempenho e reduz o consumo de energia. \nSeu equipe como novo \nEsta memória de formato SODIMM é ideal para o seu Notebooks. Instale-a e comece a desfrutar de uma operação ideal! \nTrabalhe livremente \nVocê pode usá-lo para atividades domésticas e também navegar na Internet. enviar e-mails ou multimídia, ou trabalhar usando várias funções simultaneamente, esta memória é para você. Graças à sua velocidade de 1333 MHz, será capaz de executar todas as suas tarefas de forma rápida e eficaz.',105.00,1,'2024-01-21 19:38:24',2,58,NULL),(42,'Memória RAM color verde 16GB 1 Crucial CT16G4SFRA266','Aumente o seu PC \nCom sua tecnologia DDR4, melhorará o desempenho do seu dispositivo operando em 3 e 4 canais, gerando maior fluidez e velocidade na transferência de dados. Otimize o desempenho do seu computador ao máximo! \nSeu equipe como novo \nEsta memória de formato SODIMM é ideal para o seu Notebooks. Instale-a e comece a desfrutar de uma operação ideal! \nVelocidade para exigentes \nSe você é um fã de jogos online ou trabalha com programas ou aplicativos pesados, essa memória é para você. Graças à sua velocidade de 2666 MHz, pode desfrutar de alto desempenho e fazer seus trabalhos de forma rápida e eficaz.',273.60,1,'2024-01-21 19:39:34',2,59,NULL),(43,'Memória RAM Fury DDR4 color preto 8GB 1 HyperX HX426C16FB2/8','Aumente o seu PC \nCom sua tecnologia DDR4, melhorará o desempenho do seu computador, aumentando o fluido e a velocidade na transferência de dados. Maximize o desempenho do seu computador e reduza o consumo de energia! \nSeu equipe como novo \nEsta memória é ideal para o seu Computadores de mesa. Instale-a e comece a desfrutar de uma operação ideal! \nVelocidade para exigentes \nSe você é um fã de jogos online ou trabalha com programas ou aplicativos pesados, essa memória é para você. Graças à sua velocidade de 2666 MHz, pode desfrutar de alto desempenho e fazer seus trabalhos de forma rápida e eficaz.',166.00,1,'2024-01-21 19:42:20',2,64,NULL),(44,'Memória Kingston Fury Beast 4gb 2666mhz Kf426c16bb/4','Destaques \n- Dissipador de calor de perfil baixo \n- Upgrade de alta performance \n- Intel XMP-ready \n- Pronto para AMD Ryzen \nGeral \n- Capacidade: 4GB \n- Tipo: DDR4 \n- Velocidade: 2666 MHz \n- Pinagem: 288-pin DIMM \n- Latências: 16-18-18 \n- Tensão: 1,2V',169.90,1,'2024-01-21 19:43:38',2,63,NULL),(45,'Fonte de alimentação para PC Aerocool Advanced Technologies VX Series VX-500W 500W black 230V','Controle de temperatura \nAtravés de seu sistema de refrigeração, você poderá manter a temperatura ideal de seus componentes e evitar o superaquecimento. \nSem ruído ou distrações \nDevido à sua operação silenciosa, o seu equipamento operará minimizando o nível de ruído, para tornar o seu dia mais agradável. \nProteção segura \nO sistema de proteção OPP realiza monitoramento constante da corrente e, no caso de detectar uma sobrecarga de energia, desliga o dispositivo para evitar danos.',195.00,1,'2024-01-21 21:37:16',3,45,NULL),(46,'Fonte Atx 400w Real Mymax Mpsu/lp400w 110v/220v','Com a fonte de alimentação Mymax MPSU/LP400W você pode garantir a corrente contínua e estável de seu computador desktop e otimizar o funcionamento de seus componentes. \nControle de temperatura \nAtravés de seu sistema de refrigeração, você poderá manter a temperatura ideal de seus componentes e evitar o superaquecimento.',170.90,1,'2024-01-21 21:38:47',3,40,NULL),(47,'Fonte de alimentação para PC Fortrek PWS-2003 200W prata 115V/230V','Com a fonte de alimentação Fortrek PWS-2003 você pode garantir a corrente contínua e estável de seu computador desktop e otimizar o funcionamento de seus componentes. \nControle de temperatura \nAtravés de seu sistema de refrigeração, você poderá manter a temperatura ideal de seus componentes e evitar o superaquecimento. \nProteção segura \nO sistema de proteção OPP realiza monitoramento constante da corrente e, no caso de detectar uma sobrecarga de energia, desliga o dispositivo para evitar danos.',55.49,1,'2024-01-21 21:42:15',3,41,NULL),(48,'Fonte Para Cpu Dell Vostro 270s Sff Inspiron 660s 3647 Novo','FONTE PARA COMPUTADOR: DELL VOSTRO 270S, INSPIRON 660S E 3647 \nMARCA: DELL \nCOMPATÍVEL COM MODELOS: L220NS-00, L220ns-01, HU220NS-01, HU220NS-00 \nPOTENCIA: 220W \nALIMENTAÇÃO ENERGIA: 110V/220V (BIVOLT) (CHAVE SELETORA 110V/220V) \n2 CONECTORES: SATA \nCONECTOR PRINCIPAL: 24 PINOS \nCONECTOR 12V: 4 PINOS \nDIMENSÕES: 20cm X 9cm X 5,2cm \nPESO \n660g',244.99,1,'2024-01-21 21:44:29',3,42,NULL),(49,'Fonte Atx 450w Real Deko Bivolt 12v4+4p 1xpci Exp6+2 4 Sata','Ficha Técnicas: \n-Marca: DEKO \nInformações Técnicas: \nPadrão ATX: 12V \nVentilador: 12 cm \nPotência Combinada Operacional: 450W \nFaixa de Temperatura Operacional: 0 a 50 °C \nEficiência mínima: 70% \nEntrada AC: 115/230V, 60Hz \nChave Seletora: Automatizada \nDimensão do Produto (LxAxP): 140 x 85 x 150 mm \nDimensão da Embalagem (LxAxP): 210 x 95 x 165 mm',199.00,1,'2024-01-21 21:50:50',3,43,NULL),(50,'Fonte Atx 500w Real 80plus Bronze Brazilpc Bpc/500-80plus/b','Marca: Brazil PC \nModelo: BPC/500PFCA \nPCF Ativo: sim \nBivolt automática: Sim (115v-230v) \nCooler: 12x12cm \nOutras Caracteristicas: \nUltra Silenciosa \nAlta Performance \nConexões: \n1 x Alimentação 20 + 4 pinos \n2 x PCI Express 6 + 2 pinos \n1 x Auxiliar ATX 4 + 4 Pinos \n2 x Conectores IDE \n4 x Conectores SATA',339.00,1,'2024-01-21 21:53:28',3,44,NULL),(51,'Fonte de alimentação para PC Aerocool Advanced Technologies KCAS 500W 500W black 230V','Com a fonte de alimentação Aerocool Advanced Technologies KCAS 500W você pode garantir a corrente contínua e estável de seu computador desktop e otimizar o funcionamento de seus componentes. \nControle de temperatura \nAtravés de seu sistema de refrigeração, você poderá manter a temperatura ideal de seus componentes e evitar o superaquecimento. \nSem ruído ou distrações \nDevido à sua operação silenciosa, o seu equipamento operará minimizando o nível de ruído, para tornar o seu dia mais agradável. \nProteção segura \nO sistema de proteção OPP realiza monitoramento constante da corrente e, no caso de detectar uma sobrecarga de energia, desliga o dispositivo para evitar danos.',278.00,1,'2024-01-21 21:56:00',3,45,NULL),(52,'Fonte Corsair Cx750f Rgb, 750w, Bronze, Modular, Branca','Ventoinha RGB de 120mm: Controle oito LEDs RGB individualmente ao toque de um botão, com 9 modos de iluminação predefinidos.\nBrilhante estrutura e cabos em branco: Combina com o aspecto minimalista e refinado de outros produtos brancos da CORSAIR em seu equipamento. \nCompatível com o iCUE e o RGB da placa-mãe: Conecte a um controlador de iluminação CORSAIR iCUE RGB (vendido separadamente) ou a uma placa-mãe com o adaptador ARGB de 5V incluído na embalagem para obter controle de iluminação RGB avançado. \nOtimizado para baixo ruído: A curvatura da ventoinha dedicada foi calculada especialmente para manter baixos níveis de ruído. Capacitores japoneses primários de 105°C: Para potência consistente e confiável, além de um excelente desempenho elétrico.',700.00,1,'2024-01-21 21:58:09',3,49,NULL),(53,'Fonte de alimentação para PC XPG Core Reactor 650W 650W 100V/240V','Com a fonte de alimentação XPG 650W você pode garantir a corrente contínua e estável de seu computador desktop e otimizar o funcionamento de seus componentes. \nControle de temperatura \nAtravés de seu sistema de refrigeração, você poderá manter a temperatura ideal de seus componentes e evitar o superaquecimento. \nSem ruído ou distrações \nDevido à sua operação silenciosa, o seu equipamento operará minimizando o nível de ruído, para tornar o seu dia mais agradável.\nProteção segura \nO sistema de proteção OPP realiza monitoramento constante da corrente e, no caso de detectar uma sobrecarga de energia, desliga o dispositivo para evitar danos.',829.90,1,'2024-01-21 22:01:30',3,60,NULL),(54,'Fonte de alimentação para PC Bluecase BLU 500R-B 500W preta 115V/230V','Com a fonte de alimentação Bluecase BLU 500R-B você pode garantir a corrente contínua e estável de seu computador desktop e otimizar o funcionamento de seus componentes. \nControle de temperatura \nAtravés de seu sistema de refrigeração, você poderá manter a temperatura ideal de seus componentes e evitar o superaquecimento.',299.90,1,'2024-01-21 22:07:48',3,48,NULL),(55,'Fonte Corsair Cx550f 550w 80 Plus Bronze Modular Rgb Preta','1 Cabo ATX modular de 24 pinos (24) \n1 Cabo EPS/ATX12V de 8 pinos (4+4) \n1 Cabo modular PCIe de 8 pinos (6+2) \n1 Cabo SATA modular (3 SATA) \n1 Cabo SATA modular (4 SATA) \n1 Cabo PATA modular (4 PATA) \n1 Cabo modular dos LEDs da ventoinha \nCabo modular ARGB de 5V da placa-mãe',703.30,1,'2024-01-21 22:08:57',3,49,NULL),(56,'Fonte de alimentação para PC GameMax GP Series GP-650 650W black 100V/240V','Com a fonte de alimentação GameMax GP-650 você pode garantir a corrente contínua e estável de seu computador desktop e otimizar o funcionamento de seus componentes. \nControle de temperatura \nAtravés de seu sistema de refrigeração, você poderá manter a temperatura ideal de seus componentes e evitar o superaquecimento. \nSem ruído ou distrações \nDevido à sua operação silenciosa, o seu equipamento operará minimizando o nível de ruído, para tornar o seu dia mais agradável. \nProteção segura \nO sistema de proteção OPP realiza monitoramento constante da corrente e, no caso de detectar uma sobrecarga de energia, desliga o dispositivo para evitar danos.',310.50,1,'2024-01-21 22:10:00',3,50,NULL),(57,'Fonte Atx 200w Reais Power Super Silenciosa Pc Bivolt','Com a fonte de alimentação Knup Fonte você pode garantir a corrente contínua e estável de seu computador desktop e otimizar o funcionamento de seus componentes.',117.00,1,'2024-01-21 22:11:34',3,78,NULL),(59,'Cooler Duplo Cpu Dual Fan Pc Intel 775 1151 1155 Amd Am3 Am4','Cooler Universal Processador Intel e Amd Com 21 Leds Fan Duplo \nEspecificações: \n- 2 x 6 mm heat pipes para melhor condução de calor; \n-CPU heat pipe com contato direto para uma melhor condutividade térmica; \n-Dupla fans 92mm entregar o fluxo de ar suficiente para o dissipar o calor. \n-Fan 92mm com função PWM; \n-Kit universal de montagem ( INTEL E AMD)',94.80,1,'2024-01-27 14:08:24',4,82,NULL),(60,'Cooler 120 X 120 X 25mm C3tech F7 Storm Series 1200 Rpm','- Cooler C3Tech F7 Storm series de 12 x 12 cm indicado para uso em gabinetes gamers de alta performance.\n- Velocidade de 1200 RPM com voltagem de 12 VDC. \n- Fluxo de ar de 43,2 CFM evitando aquecimentos indesejáveis. \n- Com uma estrutura projetada para suprimir ruídos o F7 e super silencioso e muito versátil, podendo ser montado na parte traseira, superior ou nas laterais. \n- Possui 7 laminas na cor preta para efeito surpreendente em seu gabinete. \n- Desenvolvido com hélices estrategicamente projetadas para maior circulação de ar, assegurando a qualidade do produto. \n- Conector com 3 pinos, para conexão em fontes ATX.',26.04,1,'2024-01-27 14:10:11',4,74,NULL),(61,'Cooler Fan Deepcool Rf120b 120mm Led Azul','éricos de 3 pinos \n- Tensão nominal: 12 VDC \n- Corrente Nominal: 0,16 A \n- Entrada de energia: 1,92 W \nDimensão \n- 120 x 120 x 25 mm \nConteúdo da embalagem \n- Cooler FAN Deepcool',46.90,1,'2024-01-27 14:11:18',4,75,NULL),(62,'Cooler Fan Gamer 120x25mm Led Vermelho T-tgf300-r - T-dagger','Cooler Fan Led 120x120x25 12cm T-dagger T-tgf300-r Hidráulico Silencioso 3 Pinos e Molex \nModelo: T-TGF300R \nMarca: T-Dagger \nVelocidade: 1200 +- 10% RPM \nAir Flow: 38.5 CFM \nPressão do ar: 1.1 mmH20 (Max.) \nRuído: 23 dB (Max.) \nConector: 3 Pinos Placa Mãe + 4 Pinos Molex \nIluminação: LED Vermelho ou azul \nVoltagem do fan: DC 12V \nTipo de rolamento: Hidráulico \nDimensões: 120 x 120 x 25 mm \n1 Fan \n4 Parafusos para instalação.',39.90,1,'2024-01-27 14:12:58',4,76,NULL),(63,'Cooler Fan Led 120mm Ventoinha Para Gabinete Cpu Gamer Pc','ESPECIFICAÇÕES \n- Design: Ergonômico \n- Tamanho: 120X120X25mm \n- Voltagem: 5V e 12V \n- Refrigeração: a Ar \n- Fluxo de ar: 31,2CFM \n- Velocidade: 1500 rpm \n- Ventilador: Silencioso \n- Ruído: 22,8dBA \n- Vida útil: 30.000Hs\n-Conector: 4 pinos na fonte e 3 pinos na placa mãe',21.61,1,'2024-01-27 14:14:40',4,78,NULL),(64,'Cooler Gamer Pc Amd Intel 2011 1366 1150 1155 21 Leds Dx2021','Principais características: \n- Cooler com 4 heat pipe T4 \n- Dissipador de calor:4*6mm heat pipe(contato direto)+Aluminio fin \n- TDP: 130w \n- Cor: fan com 21 leds \n- Dimensões: 128 x 77 x 154 mm \n- Rolamento: Hydro Bering \n- Material: Lâminas de alumínio/ 4 heat pipes \n- Cooler: 120x120x25mm \n- Velocidade do fan: 700 ~2200 RPM (PWM)±10% \n- Max fluxo de ar: 77,0 cfm \n- Nível de Ruído: 15.0 ~ 36,8 dBA \n- Tensão nominal: 12 vdc \n- Tensão operacional:10.8 ~ 13.2vdc \n- Corrente: 0.39a(+/-10%) \n- Entrada de alimentação: 4.68w \n- Conector: 4 pinos \n- PESO: 570g',139.80,1,'2024-01-27 14:20:18',4,82,NULL),(65,'Cooler Duplo Cpu Dual Fan Pc Intel Amd 775 1151 1155 Am3 Am4','[ ESPECIFICAÇÕES PRODUTO ] \n* Marca: DEX \n* Modelo: DX-9100D \n* Condição: Produto Novo na Caixa \n* Plataforma: PC Desktop \n* Fan Duplo: Sim \n* Material Corpo: Alumínio Fin \n* Rolamento: Hydro Bearing \n* Conector Pinagem: 4 Pinos \n* Dimensões: 117mm x 99mm x 128mm \n* Dissipação Calor: 2*6mm Heat Pipe (contato direto) + Alumínio Fin \n* Heat Pipes: 2x6mm Fabricados em Cobre para melhor Condução Calor \n* CPU Heat Pipe: Contato Direto para melhor Condutividade Térmica \n* Função PWM Fan 92MM Plus: Mantém Equilíbrio Fluxo Ar e Ruído \n* Peso Cooler: 450 gramas \n* LED: Sim \n* TDP: 130w',111.43,1,'2024-01-27 14:22:02',4,82,NULL),(66,'Cooler Gamer P/ Processador - Dx-9115d Azul','Especificações: \nGeral \n- 2x6 Heat pipes para melhor condução de calor\n- CPU Heat Pipe com contato direto para uma melhor condutividade térmica \n- Duas Fans para entregar o fluxo de ar suficiente para dispersar o calor \n- Função PWM mantém um perfeito equilíbrio entre o fluxo de ar e do ruído \n- Possui 21 LEDs: \n- Cor: Vermelho \n- TDP: 130W \n- Kit universal de montagem (Intel e AMD)',126.59,1,'2024-01-27 14:23:29',4,82,NULL),(67,'Kit 3 Fans Cooler Led | Rise Mode | Wind | 120x120','Kit 3 Fans Rise Mode Wind \n- Cores: Vermelho/Azul/Branco/Verde/Rainbow \n- Tamanho: 120X120X25mm \n- Refrigeração: a Ar \n- Fluxo de ar: 50CFM \n- Velocidade: 1500Rpm \n- Ventilador: Silencioso \n- Ruído: 28dBA \n- Duração: 40000Hs \n- Conector: Molex 4 Pinos (Fonte) / 3 Pinos (Placa mãe)',57.49,1,'2024-01-27 14:24:43',4,80,NULL),(68,'Cooler Master Hyper 212 Black Edition Com Suporte Lga 1700','O HYPER 212 BLACK EDITION ( RR-212S-20PK-R1 ) Possui garantia de 2 anos De Fabrica.\nHYPER 212 RGB BLACK EDITION \nO lendário Hyper air cooler está de volta e melhor do que antes. O Hyper 212 RGB Black Edition oferece melhor instalação e ótimo desempenho, facilmente uma das melhores soluções de refrigeração de ar. A tampa superior de alumínio e as aletas em preto niquelado conferem ao Hyper 212 RGB Black Edition um apelo estético premium. O elegante preto azeviche não só faz com que tenha uma ótima aparência, mas também aumenta o desempenho de resfriamento.',399.91,1,'2024-01-27 14:26:43',4,77,NULL),(69,'Cooler Fan Led Cpu Pc Intel Amd Gamer E Servidor','Cooler Fan Led Cpu PC Intel Amd Knup KP-VR303 \nCooler com 1 fan na posição vertical para melhor refrigeração, não é necessário ferramentas fácil instalação, \nVai com um sache de pasta térmica e um kit com 4 trava para fixação do cooler. \nCaracterísticas: \nHardware para múltiplas plataformas; \nAlta eficiência de refrigeração; \nLeds azuis.',99.99,1,'2024-01-27 14:29:55',4,78,NULL),(70,'Cooler Fan Rgb 5 Cores Fixa Ventoinha 12cm Pc Gabinete Gamer','FAN COOLER 120mm Com LED RGB FIXO HAYOM \nO Fan Cooler HAYOM apresenta um design elegante de iluminação LED RGB fixa para adicionar um toque extra ao equipamento. Vem equipado com pás curvas para aumentar a pressão do ar, maximizando o desempenho de resfriamento e minimizando a resistência do ar e o ruído. \n- Vem equipado com conector Molex \n-A iluminação LED RGB fixa adiciona um toque extra ao equipamento \n- Pás curvas para máximo desempenho de resfriamento \n- Velocidade do ventilador de 1100 RPM',28.85,1,'2024-01-27 14:31:32',4,79,NULL),(71,'Cooler Fan Rise Mode Wind W1 120mm Led Azul - Rm-wn-01-bb','Características: \n- Marca: Rise Mode \n- Modelo: RM-WN-01 \nEspecificações: \n- Fluxo de ar do Fan: 50 CFM \n- Nível sonoro: 28 dBA \n- Velocidade: 1500 Rpm \n- Conector: 3 pin ou Molex \nDimensões: \n- 120 x 120 x 25 mm \nConteúdo da embalagem: \n- 1 x Cooler FAN Rise Mode',26.99,1,'2024-01-27 14:32:36',4,80,NULL),(72,'Cooler Fan Ventoinha 120mm 74,5 Cfm 4 Pinos Pwm 1800 Rpm','Detalhes \n* Controle PWM e operação silenciosa \n* Projeto de alta pressão de ar \n* Lâminas de ventilador exclusivas para fornecer alta pressão de\n ar \n* Amortecedores de borracha em todos os 4 cantos de ambos os lados ajudam a manter uma operação silenciosa',48.90,1,'2024-01-27 14:33:29',4,81,NULL),(73,'Gabinete Padrão Powerx 6503bk Fonte 230w C/ Fan 80mm - Preto','ESPECIFICAÇÕES: \nFORMATO: \nMicro-ATX, Mini-ITX \nChassis mATX: 0.4mm, revestimento externo na cor preto \nPAINEL FRONTAL:  ABS \nBAIAS: \n1x Baia externa: 5.25 (ODD) \n2x Baias interna: 3.5 (HDD) \n3x 2.5 (SSD) \nBotões: \nLiga/Desliga \nReset \nPORTAS: \n2x USB 2.0 \n1x Entrada de áudio (Microfone) \n1x Saída de áudio (fone de ouvido ou caixa de som)',200.30,1,'2024-01-27 14:37:27',5,31,NULL),(74,'Gabinete Gamer T-dagger G25b Rgb Preto Mid Tower Black','Marca: \nT-dagger \nModelo: \nTGC-G25B \nTipo: \nMid Tower \nMaterial: \nAço + Acrílico \nJanela lateral: \nAcrílico \nCor: \nPreto \nPlacas mães suportadas: \nATX / Micro ATX / ITX \nSlots de expansão: \n 7',244.18,1,'2024-01-27 14:40:04',5,76,NULL),(75,'Gabinete Gamer T-dagger Cube Tgc-305 Preto','Marca: T-Dagger \nModelo: T-TGC305BK \nEspesso Painel: \nde Vidro Temperado na parte lateral \nSistema avançado: \nde entrada de Fluxo de Ar na parte Frontal \nSlots para 3 FANS: \nde 120mm na parte frontal \nTipo: \nMid Tower \nPlaca Mãe Suportada: \nATX \nBaias: \n1 x 3.5 \n1 x 2.5',343.23,1,'2024-01-27 14:43:14',5,76,NULL),(76,'Gabinete Gamer Preto Gamemax Revolt 3606 Argb Vidro','Características: \n-Forma: ATX \n-Fita lateral LED: Opcional \n-Expansão: 7 \n-Espessura da chapa: 0.5 mm \n-Tool-Less \n-Revestimento interno e externo na cor preta \n-USB 3.0: 1 \n-USB 2.0: 1 \n-Áudio HD: 1 MIC-In, 1 SPK-Out \n-Placa de vídeo suportada: 330 mm \n-Altura máxima do CPU Cooler: 170 mm \n-Placa mãe suportada: E-ATX, ATX, mATX, ITX \n-Filtro anti-poeira: Sim \n-Gerenciamento de cabos: Não',460.12,1,'2024-01-27 14:46:35',5,50,NULL),(77,'Gabinete Gamer Pyxis Frontal Com Fita Led Rgb E Acrílico','Características gerais: \nLateral esquerda com acrílico transparente e dobradiça \nPainel frontal em plástico com fita LED \nCabos full black \nSuporta cable management \nTool-Less e tool-Free (tampas laterais) \nBaias: \n2 x HD 3,5 \n2 x SSD 2,5 \n7 Slots de expansão \nPainel topo: \n1 x USB 2.0 \n1 x USB 3.0 \n1 x Áudio HD + Mic \n1 x Reset \nCompatibilidade: \nPlacas-Mãe: ATX, Micro ATX e Mini ITX \nPlacas de vídeo: até 320mm',269.00,1,'2024-01-27 14:48:48',5,32,NULL),(78,'Pc Computador Cpu Intel I3 4gb Ssd 120gb Hdmi','PROCESSADOR: \n- Processador: Intel Core i3 540/550 - 2.80/3.20Ghz \n- Socket: 1156 \n- Placa Mãe: Intel H55 \n- Suporta: Intel Core i3/ i5 / i7 \nMEMÓRIA: \n- Tamanho: 4 GB \n- 2x slots De Memória DDR3 \n- Arquitetura da memória: Dual Channel DDR3 \n- Memória Máxima: 08 Giga',845.22,1,'2024-01-27 14:52:04',5,33,NULL),(79,'Gabinete C3tech Gamer Mt-g70 Bk 1 Baia S/ Fonte','* Gabinete Gamer \n* Mid tower \n* Suporta placas mae: ITX / Micro ATX / ATX / Full ATX \n* Suporte a SSD 2.5 \n* 2 portas USB 2.0 \n* Entrada para microfone e saida para fone de ouvido Padrao P2 3.5mm \n* HD Audio \n* Organizador de cabos \n* Screwless \n* Fonte de Alimentacao nao inclusa \nEspecificacoes: \n* Espessura da chapa: 0.45mm \n* Quantidade de baias 5.25: 1 Exposta \n* Quantidade de baias 3.5: 1 Interna Possivel fixar mais 1 HDs de 3.5 direto no chassi \n* Quantidade de baias 2.5: 1 Interna Possivel fixar mais 2 HDs de 2.5 direto no chassi \n* 7 slots PCI',218.66,1,'2024-01-27 14:54:33',5,46,NULL),(80,'Gabinete Gamer Atx Preto','O Gabinete Gamer ATX Preto - NGGA foi projetado com um design moderno, fará  com que seu setup fique ainda mais incrivel e com recursos funcionais.\nDADOS TÉCNICOS \nSPCC 0.35MM Aço \n1 x HDD \n1 x SSD \n4 Slots de expansão. Painel frontal: \n2 x USB 2.0 \nAudio HD + Mic. Compatibilidade: \nPlacas-mãe: Micro ATX e Mini ATX \nCooler: Dianteiro: 1 x 120, Traseiro: 1 x 80. Estrutura: \nTamanho: 400*176*41.',205.74,1,'2024-01-27 14:56:03',5,34,NULL),(81,'Gabinete Rise Mode Glass 06x White Sem Fans','ESPECIFICAÇÕES: \nPart Number: RM-WT-06X-FW \nCor: Branco \n- Dimensões (L x W x H): L 365mm x W 200mm x H 455mm \n- Fans: Suporte para 6 fans (fans não inclusos) \n- Baias: 3.5 HDD (x2) | 2.5 SSD (x3) \n- Slots de Expansão: 7 \n- Placa-Mãe: ATX / M-ATX / ITX \n- Frontal I/O: x1 USB 2.0 | x1 USB 3.0 \nHD Áudio Entrada e Saída \n- Fontes de Alimentação: ATX (não inclusa)',369.90,1,'2024-01-27 14:57:49',5,36,NULL),(82,'Gabinete Kmex Gm10th Com Fonte 200w Micro Atx 1 Baia 5,25','Especificações Gabinete K-MEX GM-10TH 1 Baia 2xUSB 2.0 com fonte 200W Preto Texturizado \n- Dimensões do chassi (AxLxP) 330x170x280mm \n- Dimensões do gabinete (AxLxP) 347x172x315mm \n- Baias: 1x5.25” externa | 1x2.5” interna SSD | 1x3.5” Interna | 2x2.5” ou 3.5” interna \n- Slots de expansão: 4 \n- Placa mãe: Micro ATX \n- Ventilação com fan ( opcional): Traseira 1x de 80x80mm | Frontal 1 de 120x120mm \n- Ventilação TAC 2.0: Lateral 120x120mm \n- Fonte de alimentação: ATX',269.00,1,'2024-01-27 14:58:52',5,37,NULL),(83,'Gabinete Slim Matx Tfx Q5p Sff 2xusb/hd','ESPECIFICAÇÕES \n1 BAIA EXTERNA 5.25; \n1 BAIAS HDD 3.5; \n2 BAIA 2.5 SSD; \n2 PORTAS USB 2.0 FRONTAIS; \n1 PORTAS USB 3.0 FRONTAIS; \n1 ENTRADA MICROFONE FRONTAL; \n1 ENTRADA ÁUDIO FRONTAL; \n4 ABERTURAS PCI; \nSUPORTA PLACAS: MICRO ATX \nSAÍDA DE VENTILAÇÃO LATERAL E INFERIOR; \nPAINEL FRONTAL EM PLÁSTICO ABS \nACOMPANHA KIT PARAFUSOS; \nCOM SENSOR DE INTRUSÃO \nPESO:2.8KG. \nCASE (COMPRIMENTO*LARGURA*ALTURA): 370mm x 100mm x 340mm',99.99,1,'2024-01-27 15:01:14',5,44,NULL),(84,'Gabinete Gamer Kmex Microcraft 4 Cg-04rc Cubo Fan 200mm','\nGabinete Gamer compacto, robusto, acompanha cooler com LED, possui 3 janelas em acrílico transparente. \nVentilação (mm): \n- Suporta 1 frontal de 200mm com LED\'s Multicor (Já incluso) \n- Suporta 1 de 120mm na traseira (Não incluso) \n- Suporta Water Cooler de 120mm na parte traseira (Não incluso) \n- Suporta CPU Cooler de até 160mm (Não incluso) \nSuporta Placa Mãe: Micro ATX / ITX \nPlaca mãe máximo: 24,4 x 24,4 cm \nSuporte para placa de vídeo: 300mm \nDimensões do Chassi (Interna): 270 x 262 x 305mm (A x L X P) \nDimensões do Gabinete (Externa): 333 x 265 x 350mm (A x L X P)',389.00,1,'2024-01-27 15:03:57',5,37,NULL),(85,'Gabinete Gamer Pichau Hx300 White Lateral Vidro, Pg-hx3-w01','Especificações: \n- Marca: PICHAU \n- Modelo: PG-HX3-W01 \n- Painel frontal: Metal \n- Painel lateral: Vidro temperado \n- Placa mãe suportada: M-ATX, ITX \n- Fonte suportada: Inferior / ATX \n- Ventoinhas suportadas: Traseira: 1 x 120 mm \n- Superior: 2 x 120 mm \n- Water cooler suportado: 120 mm \n- Baias: 2 x 3,5 / 4 x 2,5 \n- Slots de expansão: 4 \n- Comprimento máximo VGA: 350 mm \n- Altura máxima do cooler da CPU: 160 mm \n- Gerenciamento de cabos: 25 mm \n- Dimensões: 365 x 210 x 385 mm',284.90,1,'2024-01-27 15:05:36',5,38,NULL),(92,'Cabo Hdmi Gold 5m Metros Mts 4k 3d Full Hd Blindado Tv Pc','Produto novo: Comprimento 5 Metros \nCompatível Hdtv versão 1.0, 1.2, 1.3a, 1.3b cat2, Hight Speed 1.4 \nMulticondutor, termoplástico isolado e revestido. \nSuporta até 80°C e 30V para uso em instalações internas ou externas \nTotalmente Protegido contra EMI e RFV contra sobrecarga \nA embalagem contem: \n1 Cabo Hdmi 5 metros 3d',29.90,1,'2024-01-27 15:25:49',6,29,2),(93,'Cabo Extensor Usb 3.0 5gbps Para Pc Tv Note Ps3 Ps4 Qgeem','Enorme expansão e rápida sincronização e carregamento de dados: O cabo extensor USB pode estender seu dispositivo USB 3.0 oferece velocidade de transmissão de dados SuperSpeed de até 5 Gbps, 10X mais rápido que o cabo USB 2.0, permite a transferência de vídeo HD ou arquivos enormes em apenas alguns segundos. Ele também estende seu cabo de carregamento USB, fornece função de carregamento rápido. \nDurabilidade e estabilidade: Cabo feito em PVC antiabrasivo, é flexível e resistente, pode suportar mais de 15.000 testes de curvatura, conectores banhados a ouro. O cabo interno é composto por condutores de cobre revestidos de estanho e resistentes à corrosão, blindagem que fornece proteção contra interferência de sinais externos, permitindo assim uma conexão e transmissão de sinal estável. \nCompatibilidade universal: o cabo de extensão QGeeM é compatível com todos os dispositivos USB A, plug and play, como Oculus VR, impressora, Playstation, Xbox, Hub, docking station, leitor de cartão, adaptador Bluetooth , Unidade flash USB, câmera, scanner, disco rígido, monitor, mouse, teclado, etc. \n-Marca: Qgeem \n-Tamanho 1 metro \n-Porta usb 3.0',29.00,1,'2024-01-27 15:26:47',6,18,NULL),(94,'Kit 10 Pç Cabo Rede / Patch Cord Cat5e 2,5m Amarelo Furukawa','Características \nCertificação Anatel para componente, de acordo com os novos requisitos vigentes. \nPerformance garantida para até 4 conexões em canal de até 100 metros; \nExcede as características TIA/EIA 568 B.2 para CAT. 5e e ISO/IEC 11.801. \nPerformance de conector centralizada com as normas, garantindo a interoperabilidade e performance. \nContatos dos conectores com 50 micropolegadas de ouro; \nProduzido com Cabo Multi-Lan Extra-flexível U/UTP certificado pela Anatel; \nDisponível nas configurações 568/A, 568/B ou crossconect; \nPossui boot na mesma cor do cabo, injetado, no mesmo dimensional do plug RJ-45 para evitar fadiga no cabo em movimentos de conexão e que evitam a desconexão acidental da estação de trabalho. \nEmbalados Individualmente. \nMontado e testado 100% em fábrica.',335.00,1,'2024-01-27 15:28:06',6,19,NULL),(95,'Cabo De Dados Sata P/ Hd Gravador Drives Ssd Pc','~~~~~~~~ Especificações do Produto ~~~~~~~~ \nCabo de Dados SATA 90°/180° \n- Tipo de conectores: 180°/180° C/Trava \n- Tamanho: 50cm \n- Transferência: 3 Gbps \n- Cor: Vermelho \n~~~~~~~~~~ Garantia do Produto ~~~~~~~~~~ \nProduto com garantia de 3 meses diretamente conosco',39.00,1,'2024-01-27 15:29:06',6,20,NULL),(96,'Cabo Firewire 900/600 De9 X 6 Pinos 1,50 Metros Macbook, Pc','Marca: Ship G eletrônicos \nDescrição: Cabo USB padrão Firewire 9/6 vias \nCor: Preto \nMedida: 1.5M \nCom um conector de nove para seis pinos, o cabo FireWire ship g eletrônicos permite conectar um dispositivo FireWire 900 a um dispositivo FireWire 600. \nEle oferece todas as vantagens do FireWire, inclusive conexão simultânea de até 63 dispositivos, transferência de áudio e vídeo digital em tempo real, conexões de dispositivos ponto a ponto, instalação de dispositivos Plug-and-Play e capacidade de hot swap. \nDestaques \nFlexibilidade e durabilidade \nTransmissão de dados com velocidades de até 400 Mbit/s, sem erros \nReduz erros de transmissão e linha cruzada \nFácil instalação plug-and-play \nCompatibilidade retroativa com versões anteriores de dispositivos FireWire (IEEE 1394a) \nConteúdo da caixa \nCabo FireWire 900/600 de 9 pinos para 6 pinos. \nEspecificações \nConexões: Firewire de 6 pinos, Firewire de 9 pinos',39.00,1,'2024-01-27 15:30:41',6,21,NULL),(97,'Cabo Conversor Adaptador Displayport Para Vga Pc Notebook','Informações Técnicas: \n- Suporta VGA analógico resolução de até 1920x1080 (WUXGA), 60Hz \n- Integrated 10 bits, 162 MHz DAC para a saída de vídeo VGA claro \n- Plug and Play. Não requer instalação de software \n- ATI Eyefinity suporte multi-display \nInterfaces e Conexões: \n- 1x VGA(Fêmea) \n- 1x DisplayPort \n[+] ESPECIFICAÇÕES: \n- Cabo Conversor Adaptador \n- Display Port Para Vga \n[+] INCLUSO: \n- Cabo Conversor Adaptador Display Port x VGA Fêmea 15 pinos',20.72,1,'2024-01-27 15:32:42',6,22,NULL),(98,'Cabo De Áudio Auxiliar P2 X P2 Carro Som Fone Smartphone Pc','DESCRIÇÃO DO PRODUTO \n-Cabo auxiliar de alta resistência \n-Ponta p2 x p2 \n-1 metro comprimento \n-Compatível com celulares, fones, som de carro e etc \n-Cabo não serve para microfones \nCabo De Áudio Auxiliar P2 x P2 3.5mm Anti Nó Resistente 1m INOVA \nIdeal para Ligar Aparelhos de Som Como iPad, iPod, iPhone, Mp4, Mp3, Celulares, Gps, Tablets, Som Residencial dentre muitos outros. \nEspecificação Técnica: \n- 2 Plug P2 reto; \n- Comprimento do Cabo: 1m; \n- Conectores Prateados; \n- Cabo Tipo Stereo; \n- Cor: Variado. \nItens Inclusos: \n01 - Cabo De Áudio Auxiliar P2 x P2 3.5mm',16.87,1,'2024-01-27 15:34:04',6,23,NULL),(99,'Cabo De Rede 20 Metros Montado Rj45 Internet Lan Azul Pc Not','Projetado para Ethernet HUB ou Internet Modem, Roteadores entre outros dispositivos.\nCOMPATIVEL COM TODAS ENTRADAS RJ45!! \nEspecificações: \nAplicação: Redes internas \nConector: RJ45 \nCor: Azul \nRevestimento: PVC \nTipo: LAN \nCat5 \nComprimento: 20 Metros',26.20,1,'2024-01-27 15:35:35',6,24,NULL),(100,'Cabo Adaptador Conversor Displayport Para Hdmi Pc Notebook','Conversor Displayport(FCA-DP3) Para HDMI \nEspecificações: \n- Conversor Displayport para HDMI; \n- Resolução Maior Que Full HD (1920 x 1200 pixels); \n- Fácil utilização (Plug & Play); \n- Não há necessidade de fonte de energia externa; \n- Resolução suportada de até 1920x1200px, 60Hz; \n- Conexão: Entrada DISPLAYPORT(macho) e Saída HDMI(Fêmea).\n- Conectores com pinos banhados à ouro, o que proporciona melhor condutibilidade elétrica e consequentemente melhor qualidade no sinal. \nItens Inclusos: \n- 01 (Um) Conversor DISPLAYPORT para HDMI;',26.89,1,'2024-01-27 15:37:36',6,25,NULL),(101,'Cabo Adaptador Conversor Displayport Para Vga Vídeo Pc','Conversor Displayport Para Vga. \nEspecificações: \n- Conversor Displayport para Vga; \n- Resolução Full HD (1920 x 1080 pixels) OBS: *Em cabos com comprimento superior a 3m poderá ocorrer uma perda na qualidade da transmissão.*;\n- Fácil utilização (Plug & Play); \n- Não há necessidade de fonte de energia externa; \n- Resolução suportada de até 1920x1080, 60Hz; \n- Integrated 10 bits, 162 MHz DAC para a saída de vídeo VGA claro \n- Conexão: Entrada DISPLAYPORT (macho) e Saída VGA (Fêmea). \nItens Inclusos: \n- 01 (Um) Conversor DISPLAYPORT para VGA;',23.48,1,'2024-01-27 15:39:48',6,25,NULL),(102,'Cabo De Força Tripolar 90º Graus 1.5mts Pc Fontes Monitores','Cabo Força Tripolar 3x0,75mm 90 Graus 1.5 Metros \nDescrição do Produto: \nCabo de força para conexão de equipamentos na rede elétrica, ideal para ligar Pc e outros equipamentos como panela elétrica ou qualquer equipamento que o cabo seja tripolar. \nEspecificação Técnica: \n- Cabo de força tripolar 3P + T 90GRAUS \n- Corrente Máxima +-10A; \n- Tensão: até 250v; \n- Cabo Flexível tripolar # 0,75mm2 - NBR 13249; \n- Plugue fêmea tipo IEC ou macho tipo IEC; \n- 1,5 Metros; \n- Cabo de Força Tripolar 3x0,75mm 1,5mts; \nConteúdo da Embalagem: \n- 1 Cabo de Força Tripolar',17.98,1,'2024-01-27 15:41:34',6,27,NULL),(103,'Cabo Hdmi Gold 3m Metros Mts 4k 3d Full Hd Blindado Tv Pc','Produto novo: Comprimento 3 Metros \nCompatível Hdtv versão 1.0, 1.2, 1.3a, 1.3b cat2, Hight Speed 1.4 \nMulticondutor, termoplástico isolado e revestido.\nSuporta até 80°C e 30V para uso em instalações internas ou externas \nTotalmente Protegido contra EMI e RFV contra sobrecarga \nA embalagem contem: \n1 Cabo Hdmi 3 metros 3d',24.90,1,'2024-01-27 15:43:09',6,29,NULL),(104,'Cabo De Força Tripolar Para Fonte Atx Pc 03 Pinos','Cabo De Força Tripolar Para Fonte Atx PC 03 Pinos \nCabo De Força Cabo de energia com 03 pinos para fonte de notebook, netbook e eletrônicos, em geral, que utilizam o mesmo padrão. Ideal para fontes / Carregadores de notebooks ou equipamentos eletrônicos de mesmo padrão de encaixe. O cabo de força de 1,5 metros segue o novo padrão de descargas brasileiras, com plugue de 3 pinos. Possui proteção de plástico nos pinos para evitar choques acidentais. Produto nacional homologado ao novo padrão brasileiro de plugues e abertura. \nCaracterísticas: \n• Tipo: Cabo de Força \n• Plugue IEC Fêmea Tamanho: 1,5 metros \n• Tensão suportada: 110v / 220v \n• Corrente suportada: 10A \n• Cor: Preto \nConteúdo da Embalagem: \n1 — Cabo De Força Tripolar Para Fonte Atx PC 03 Pinos 1.5 metros',14.17,1,'2024-01-27 15:44:33',6,28,NULL),(105,'Cabo De Força Energia Tripolar P/ Fonte Monitor Pc Padrão Br','Informações do Produto: \nCabo de Força Tripolar Novo Padrão Brasileiro de 3 pinos \nTensão: 110 e 220 Volts (Inmetro até 250 Volts) \nCor: Preta \nBitola dos cabos internos: 3 x 0,75mm² \nComprimento: 1,5 Metros \nSegurança: Possui proteção de plástico nos pinos para evitar choques acidentais por contato. \nCompatibilidade com vários aparelhos de informática e eletrodomésticos: \n- Fontes de Alimentação (PCs Desktop) \n- Monitores \n- Impressoras \n- Alguns modelos de TVs \n- Panelas elétricas (arroz) \n- Eletrodomésticos',18.90,1,'2024-01-27 15:46:32',6,30,NULL),(106,'Mouse Logitech Silent Plus M330 preto','A Logitech projeta produtos e experiências que ocupam um lugar cotidiano na vida das pessoas, com foco na inovação e na qualidade. Seu objetivo é criar momentos verdadeiramente únicos e significativos para os seus usuários. Os mouses da Logitech se adaptam à forma da sua mão para lhe proporcionar horas de conforto. Sem a necessidade de mover o braço para deslizar o cursor, sua mão ficará menos cansada. Eles são ideais para qualquer espaço de trabalho e para aqueles que têm a mesa cheia de vários objetos. \nAdaptado aos seus movimentos \nSeu design eficaz o torna num mouse confortável, com uma grande experiência de uso para aqueles que estão procurando segurança \nem cada clique. \nA funcionalidade ao alcance da sua mão \nO sistema de detecção de movimento óptico lhe permitirá mover o cursor de uma forma mais precisa e sensível do que os sistemas tradicionais. \nPlug And Play \nBasta colocar o receptor em uma porta USB do computador e você pode começar a usá-lo. Não é preciso emparelhar o mouse ou baixar um software para usá-lo. \nAdequado para fácil transporte \nNavegue rapidamente pelos documentos e sites da web graças ao seu design ultra-fino, ergonômico, leve e conveniente para transportar onde você quiser ou viajar.',48.99,1,'2024-01-27 15:52:45',7,4,NULL),(107,'Microfone Blue Yeti X condensador multi-padrão cinza-escuro/prateado','A comunicação clara e poderosa é importante para todas as organizações. Os microfones da Blue lhe permitem capturar e transmitir com uma incrível qualidade de som. A Blue combina áudio de qualidade profissional com simplicidade plug-and-play para oferecer um desempenho que esta anos-luz dos microfones integrados para portáteis e câmeras. /nReflexão fiel da realidade /nIdeal para várias atividades. Ele vai oferecer um som de qualidade e você terá a clareza das vozes. /nUm formato que combina com você /nSendo condensador, vai permitir um resultado claro e fino. É ideal para percussões, guitarras, pianos, entre outros. Pela sua resposta tão definida à voz, é o mais escolhido pelos profissionais.',1.10,1,'2024-01-27 15:54:07',7,6,NULL),(108,'Webcam Câmera Full Hd 1080x1920 Usb Computador Microfone','Marca: Lorben \nCor: Preto \nInstalação: Plug and play sem drive \nFormato de foto: BMP \nTipo de sensor: CMOS \nControle de cintilação: 50Hz \nAlcance de foco: 20mm \nComprimento do cabo USB: aproximadamente 145cm \nResolução: Full HD 1920x1080 pixels 2MP \nTipo de interface: USB 2.0 \nMicrofone: embutido omnidirecional com redução de ruído \nSistemas compatíveis: Windows2000/WinXP/Vista/Win7/Win8/Win10/MacOS/Linux/Xbox One \nEtapas de instalação: \nMonte a webcam e aponte a câmera para seu rosto.\nPressione o suporte da webcam para baixo e encaixe a extremidade traseira do suporte na parte de trás da tela do monitor.\nConecte o cabo USB na interface USB do computador.',130.35,1,'2024-01-27 15:55:57',7,2,NULL),(109,'Mini Teclado Usb Computador Notebook Pequeno Slim','PRODUTO A PRONTA ENTREGA \nAMPLO ESTOQUE \nPOSTAMOS EM ATÉ 24 HORAS \nTECLADO MULTIMÍDIA \nTAMANHO: 30X15 \nCONEXÃO: USB \nCOM CEDILHA \nNÃO PRECISA INSTALAR, SÓ CONECTAR.',58.70,1,'2024-01-27 15:56:56',7,5,NULL),(111,'Microsoft Modern Wireless Headset 8jr-00003','Experimente a adrenalina de mergulhar na cena de outra maneira! Ter fones de ouvido específicos para jogos muda completamente sua experiência. Com os Microsoft 8JR-00003, você não perde nenhum detalhe e ouve o áudio como ele foi pensado pelos criadores.',728.00,1,'2024-01-27 15:57:42',7,7,NULL),(112,'Acessórios De Computador Teclado Mouse Combo Confortável','Combinação de teclado e mouse Ergonomia confortável Economia de energia 78 teclas Tecla redonda 4 botões de mouse Suprimentos de computador com fio \nCaracterística \n: Ergonomia confortável: O teclado e o mouse têm ergonomia, adequados para uso a longo prazo e não é fácil sentir fadiga após uso a longo prazo Economia de energia: O teclado e o mouse tem recursos de economia de energia, aparência elegante e fácil de transportar. Design de tecla redonda: o teclado e o mouse têm um design de tecla redonda, que é confortável e atende às suas necessidades diárias Caracteres à prova d\'água: o teclado e o mouse têm tecnologia de impressão de tela UV, os caracteres são à prova d\'água, vestem Interface USB resistente e durável: O teclado e o mouse são feitos de material ABS, a interface é USB, o número de teclas do teclado é 78 teclas e o número de botões do mouse é de 4 teclas \nEspecificação: \nTipo de item: Teclado Mouse \nMaterial combinado: ABS \nInterface: USB \nNúmero de teclas do teclado: 78 Teclas \nNúmero de botões do mouse: 4 botões \nModelos aplicáveis: \nLista geral de pacotes: \n1 x mouse \n1 x teclado',148.32,1,'2024-01-27 16:01:43',7,9,NULL),(113,'Microfone Trust GXT 232 Mantis condensador omnidirecional preto','Com o microfone da Trust você vai descobrir uma nova maneira de capturar e transmitir áudios. \nReflexão fiel da realidade \nIdeal para várias atividades. Ele vai oferecer um som de qualidade e você terá a clareza das vozes. \nUm formato que combina com você \nSendo condensador, vai permitir um resultado claro e fino. É ideal para percussões, guitarras, pianos, entre outros. Pela sua resposta tão definida à voz, é o mais escolhido pelos profissionais. \nDesign eficaz \nSeu padrão polar omnidirecional oferece uma resposta de sensibilidade constante graças ao seu ângulo de cobertura de 360°. Você vai poder perceber os sons em todas as direções!',124.90,1,'2024-01-27 16:02:53',7,10,NULL),(114,'Mini Teclado Pequeno Slim Notebook Pc Computador Bluetooth','pequeno, leve, resistente e ergonômico. Ideal para quem quer trabalhar com mais conforto, menos barulho de digitação, sem tirar nada do lugar. Digite seus textos com muito mais conforto. Teclado com alcance de até 5 metros. \nFunciona com todos os sistemas operacionais e em qualquer dispositivo que tenha comunicação bluetooth.\nTeclado com design Super Slim fino e discreto \nPossui botão de on/off \nFunciona com duas Pilhas AAA não inclusas \nEspecificação \nModelo: BK3001 \nAlcance: 5 Metros \nCom Design Super Slim Fino e Discreto \nPossui Botão de On/Off \nBluetooth 3.0',66.79,1,'2024-01-27 16:04:35',7,11,NULL),(115,'Mouse Large Box Preto Usb 1200dpi Multilaser Mo308','Com uma trajetória de mais de 30 anos no mercado brasileiro, a Multilaser é uma das maiores representantes do segmento de eletrônicos e informáticos. Os mouses da Multilaser têm uma capacidade de resposta rápida e podem ser transportados sem danificar a sua estrutura. Eles são caracterizados por uma textura macia, que favorece os movimentos tornando-os mais leves e proporcionando mais agilidade. \nAdaptado aos seus movimentos \nSeu design eficaz o torna num mouse confortável, com uma grande experiência de uso para aqueles que estão procurando segurança em cada clique. \nA funcionalidade ao alcance da sua mão \nO sistema de detecção de movimento óptico lhe permitirá mover o cursor de uma forma mais precisa e sensível do que os sistemas tradicionais. \nAdequado para fácil transporte \nNavegue rapidamente pelos documentos e sites da web graças ao seu design ultra-fino, ergonômico, leve e conveniente para transportar onde você quiser ou viajar.',21.00,1,'2024-01-27 16:05:30',7,12,NULL),(116,'Extensão Hub Régua Usb 3.0 - 4 Portas Pc Hd Externo Pendrive','O Hub USB 3.0 de 4 portas USB é um acessório útil para quem precisa utilizar várias portas USB ao mesmo tempo, expandindo as portas do seu notebook, ultrabook ou pc. \nEste dispositivo é capaz de fornecer 900mA de corrente elétrica (ao contrário da porta USB 2.0 comum, que só fornece 500mA), e dispensa fonte externa. \nPode ser usado em Windows, Mac e Linux, conta com portas USB de alta velocidade que atingem até 5Gbps e possui luz de LED indicadora. \nO dispositivo só terá seu desempenho máximo se conectado a uma porta USB 3.0 (identificada pela sua cor azul), ao conectar a uma porta usb 2.0 (preta), ele terá limitadas as velocidades de transferência e corrente elétrica disponível em cada porta. \nCom seu design compacto, você pode carregá-lo em bolsas e mochilas para onde quiser. \nEspecificações: \n• Interface de saída: 4 x USB 3.0 5.0Gb/s (Compatível com USB 2.0 e 1.1) \n• Quantidade de portas: 4 \n• Alimentação: DC 5V USB \n• Serve nos seguintes sistemas operacionais: Linux, Mac, Windows 98, 2000, ME, Windows NT, XP, Vista, 7, 8 e 10 \n• Taxa de transferência: 1.5Mbps / 12Mbps/ 480Mbps até 5Gbps \n• Comprimento do Cabo: 30 cm \n• Led Azul Indicador \n• Plug and play \n• Não necessita de instalação de software, basta conectar e usar.',28.85,1,'2024-01-27 16:06:47',7,13,NULL),(117,'Teclado Maxprint Padrão QWERTY português Brasil cor preto','Este teclado Maxprint é o melhor complemento para fazer todos os tipos de atividades. É confortável e prático ao escrever documentos, navegar e pesquisar na Internet, seja no seu trabalho ou no conforto de casa.',30.50,1,'2024-01-27 16:07:39',7,14,NULL),(118,'Mini Mouse Usb Para Notebook E Acessórios Force Line','Kit de Viagem para Notebook \nCaracterísticas Gerais \nMarca Force Line \nDescrição do Produto: Kit composto com diversas conexões; \nCabo com conector RJ45 com cabo retrátil; \nFacilidade para a locomoção do kit. \nComprimento do fio 65cm \nCor Preto \nDados Técnicos 1 Fone de ouvido com microfone embutido no cabo retrátil; \nMini mouse óptico USB com cabo retrátil; \nAdaptadores com cabo retrátil: \nUSB AM – USB AF (Extensão USB); \nCabo de rede RJ45; \nOutros adaptadores; \nFirewire; \nUSB AM – Mini 4 pinos; \nUSB AM – Mini 5 pinos (B mini)',21.00,1,'2024-01-27 16:09:10',7,15,NULL),(119,'Kit Mini Teclado E Mouse 1600 Dpi Wireless Português Brasil','O kit de teclado e mouse da Teclado é perfeito para ajudá-lo a realizar suas atividades diárias. Essa combinação é adaptada para fazer diferentes tarefas, sejam elas de trabalho, escola ou de qualquer tipo.',110.00,1,'2024-01-27 16:09:39',7,16,NULL),(120,'Placa de vídeo Nvidia Pcyes GeForce 10 Series GTX 1050 Ti PA1050TI12804G5DF 4GB','Esse componente eletrônico processa as informações que chegam ao dispositivo e as transforma em imagens ou vídeos para exibi-las visualmente. É ideal para trabalhar com aplicativos gráficos, pois permite obter imagens mais nítidas. \nA Nvidia é o fabricante líder de placas de vídeo, sua qualidade garante uma experiência positiva no desenvolvimento do motor gráfico do seu computador. Além disso, seus processadores usam tecnologia de ponta para que você possa desfrutar de um produto rápido e durável. \nVelocidade em cada leitura \nAo contar com 768 núcleos, os cálculos para o processamento gráfico serão realizados de maneira simultânea, conseguindo um ótimo resultado do trabalho da placa. Isso permitirá que faça leituras esparsas e rápidas de e para a GPU. \nQualidade de imagem \nCritério fundamental na escolha uma placa de vídeo, a sua resolução de 7680x4320 não irá decepcioná-lo. A decodificação dos píxeis na sua tela fará com que você veja até os menores detalhes em cada ilustração.',1399.00,1,'2024-01-28 15:00:27',8,1,NULL),(122,'Placa De Video Nvidia Gtx 1060 3gb 192bits Gddr5 Hdmi Gamer','Marca: PCWINMAX \nNúcleo gráfico: \nFabricante de chips: NVIDIA \nChip gráfico: NVIDIA GTX 1060 3GB 192bits \nProcesso de produção: 16nm \nCódigo núcleo: gp104 \nFreqüência do núcleo: 1506mhz \nNúcleo de cuda: 1152 unificado \nEspecificação de memória: \nFrequência da memória: 8008mhz \nTipo de memória: GDDR5 \nCapacidade de memória: 3gb \nLargura de banda da memória: 192bits \nResolução máxima: 7680x4320',1319.00,1,'2024-01-28 15:02:49',8,1,NULL),(124,'Placa De Video Gtx 550 Ti 1gb Ddr5 128bits 2018','Especificações: \n- Chipset: Nvidia Geforce GTX 550 TI \n- Núcleos Cuda : 192 Cudas \n- Velocidade do núcleo Base: 700 MHz \n- Velocidade do núcleo Boost : 1500 MHz \n- Memória: 1024 MB \n- Tipo de memória: DDR5 \n- Clock de memória: 850 MHz \n- Interface de memória: 128 bits \n- Max. resolução (por display): \n- HDMI - 1920x1080 \n- VGA - 1920x1080 \n- DVI - 1920x1080 \n- Interface: PCI Express 2.0 \n- Saídas de vídeo: HDMI + VGA + DVI \n- OpenGL® 4.4\n- DirectX® 11',449.90,1,'2024-01-28 15:05:38',8,1,NULL),(125,'Placa De Vídeo Radeon R7 240 2gb Ddr5 128 Bits Dx-12','Especificações: \n- Chipset: AMD Radeon R7 240 \n- Velocidade do núcleo: 780 MHz \n- Memória: 2048 MB \n- Tipo de memória: DDR5 \n- Clock de memória: 1150 MHz \n- Interface de memória: 128 bits \n- Interface: PCI Express 3.0 \n- Saídas de vídeo: HDMI + DVI + VGA \n- Resolução Máx.: DVI: 2560 x 1600 | HDMI: 4096 x 2160 | VGA: 2048 x 1536 \n- Compatível com DirectX® 12 \n- OpenGL 4.5 support \n- AMD Eyefinity technology \n- AMD App Acceleration\n- AMD PowerTune technology',429.00,1,'2024-01-28 15:06:52',8,17,NULL),(126,'Placa De Video Pcyes Geforce Nvidia G210 1gb Ddr3 - 64 Bits','O processamento gráfico se tornou um ingrediente essencial para o PC moderno. Hoje em dia, nós simplesmente exigimos mais de nossos computadores. Se você quiser aprimorar fotos, editar vídeos, assistir a filmes, jogar ou simplesmente deseja uma experiência completa no Windows® 7, a placa gráfica NVIDIA® GeForce® G210 traz um incrível poder de processamento gráfico para seu PC a um preço inacreditável. \nVídeo Espetacular \nObtenha todo o poder de processamento de vídeo que seu estilo de vida digital exige. Melhore fotos, edite vídeos caseiros e publique-os no Facebook com velocidade 50% maior com a GeForce G210. Converta seu vídeo e coloque-o em seu iPod em poucos minutos, em vez de esperar horas3 ou fazer seus DVDs parecerem um HD. Seu computador tem uma CPU poderosa o bastante para reproduzir filmes Blu-Ray de alta definição? Não tem problema, a GeForce G210 pode reproduzir qualquer Filme Blu-Ray com qualquer CPU moderna. \nBelíssimos Gráficos \nOs jogos modernos e aplicativos em 3D estão exigindo mais performance gráfica do que nunca, e os gráficos integrados Intel definitivamente não são bons o bastante. Com 16 núcleos de processamento, a GeForce G210 tem uma performance1 10X maior que as soluções integradas da Intel! Se você quiser jogar World of Warcraft, Spore ou Sims3, a GeForce G210 é um recurso essencial ao seu computador.',229.00,1,'2024-01-28 15:08:13',8,81,NULL),(127,'Placa De Video Power Color Radeon Rx550 2gb Ddr5 Directx 12','Características: \nModelo: Radeon RX550 \nPN: AXRX 550 2GBD5-DHA/OC \nMarca: POWER COLOR \nInterface: \nTipo de barramento: Não informado \nPerfil do cartão: Não informado \nSolução Térmica: Não informado \nGPU: \nFabricante: AMD \nClock: 1190MHz em máximo desempenho \nProcessadores de fluxo: Não informado \nMemória: \nBus: 128 bits \nClock efetivo: 1500MHz x4 (6.0 Gbps) \nCapacidade: 2GB',629.00,1,'2024-01-28 15:09:33',8,17,NULL),(128,'Placa De Vídeo Ati Radeon Hd 5450 1gb Ddr3 Hdmi Pcyes Low Nf','Especificações Técnicas: \nGPU: HD 5450 \nCUDA Cores: 80 \nBase clock: 650Mhz \nBoost clock: 1066Mhz \nTipo de memória: GDDR3 \nMemória: 1GB \nClock da memória: 533Mhz \nInterface de memória: 64 bit \nSaídas de vídeo: VGA + HDMI + DVI \nPCI Express 2.0 \nOpen GL 4.5 \nFunciona em 2 monitores simultâneos. \nLargura 15 Cm \nAltura 20 Cm\nProfundidade 4 Cm',265.27,1,'2024-01-28 15:10:54',8,81,NULL),(129,'Placa de vídeo Nvidia Galax GeForce 700 Series GT 710 71GGF4DC00WG 1GB','Esse componente eletrônico processa as informações que chegam ao dispositivo e as transforma em imagens ou vídeos para exibi-las visualmente. É ideal para trabalhar com aplicativos gráficos, pois permite obter imagens mais nítidas. \nA Nvidia é o fabricante líder de placas de vídeo, sua qualidade garante uma experiência positiva no desenvolvimento do motor gráfico do seu computador. Além disso, seus processadores usam tecnologia de ponta para que você possa desfrutar de um produto rápido e durável. \nVelocidade em cada leitura \nAo contar com 192 núcleos, os cálculos para o processamento gráfico serão realizados de maneira simultânea, conseguindo um ótimo resultado do trabalho da placa. Isso permitirá que faça leituras esparsas e rápidas de e para a GPU. \nQualidade de imagem \nCritério fundamental na escolha uma placa de vídeo, a sua resolução de 3840x2160 não irá decepcioná-lo. A decodificação dos píxeis na sua tela fará com que você veja até os menores detalhes em cada ilustração.',264.60,1,'2024-01-28 15:11:41',8,1,NULL),(130,'Placa de vídeo AMD Pcyes Radeon RX 500 Series RX 550 PJRX550DR5128B 4GB','Esse componente eletrônico processa as informações que chegam ao dispositivo e as transforma em imagens ou vídeos para exibi-las visualmente. É ideal para trabalhar com aplicativos gráficos, pois permite obter imagens mais nítidas. \nA AMD é uma fabricante americana de placas de vídeo, devido à sua tecnologia tem se destacado na criação de processadores de alta qualidade que permitem um excelente desempenho do motor gráfico do seu computador. \nVelocidade em cada leitura \nAo contar com 512 núcleos, os cálculos para o processamento gráfico serão realizados de maneira simultânea, conseguindo um ótimo resultado do trabalho da placa. Isso permitirá que faça leituras esparsas e rápidas de e para a GPU.',762.00,1,'2024-01-28 15:12:18',8,17,NULL),(131,'Placa de vídeo Nvidia Galax GeForce 700 Series GT 710 71GPF4HI00GX 2GB','Esse componente eletrônico processa as informações que chegam ao dispositivo e as transforma em imagens ou vídeos para exibi-las visualmente. É ideal para trabalhar com aplicativos gráficos, pois permite obter imagens mais nítidas. \nA Nvidia é o fabricante líder de placas de vídeo, sua qualidade garante uma experiência positiva no desenvolvimento do motor gráfico do seu computador. Além disso, seus processadores usam tecnologia de ponta para que você possa desfrutar de um produto rápido e durável. \nVelocidade em cada leitura \nAo contar com 192 núcleos, os cálculos para o processamento gráfico serão realizados de maneira simultânea, conseguindo um ótimo resultado do trabalho da placa. Isso permitirá que faça leituras esparsas e rápidas de e para a GPU. \nQualidade de imagem \nCritério fundamental na escolha uma placa de vídeo, a sua resolução de 3840x2160 não irá decepcioná-lo. A decodificação dos píxeis na sua tela fará com que você veja até os menores detalhes em cada ilustração.',309.90,1,'2024-01-28 15:13:18',8,1,NULL),(132,'Placa de vídeo AMD Pcyes Single Fan Radeon HD 6000 Series HD 6570 PJHD6570GR54GSF Gaming Edition 4GB','Esse componente eletrônico processa as informações que chegam ao dispositivo e as transforma em imagens ou vídeos para exibi-las visualmente. É ideal para trabalhar com aplicativos gráficos, pois permite obter imagens mais nítidas.\nA AMD é uma fabricante americana de placas de vídeo, devido à sua tecnologia tem se destacado na criação de processadores de alta qualidade que permitem um excelente desempenho do motor gráfico do seu computador.',419.90,1,'2024-01-28 15:13:56',8,17,NULL),(133,'Placa de vídeo Nvidia Pcyes GeForce 200 Series G210 PA210G6401D3LP 1GB','Esse componente eletrônico processa as informações que chegam ao dispositivo e as transforma em imagens ou vídeos para exibi-las visualmente. É ideal para trabalhar com aplicativos gráficos, pois permite obter imagens mais nítidas. \nA Nvidia é o fabricante líder de placas de vídeo, sua qualidade garante uma experiência positiva no desenvolvimento do motor gráfico do seu computador. Além disso, seus processadores usam tecnologia de ponta para que você possa desfrutar de um produto rápido e durável. \nVelocidade em cada leitura \nAo contar com 160 núcleos, os cálculos para o processamento gráfico serão realizados de maneira simultânea, conseguindo um ótimo resultado do trabalho da placa. Isso permitirá que faça leituras esparsas e rápidas de e para a GPU. \nQualidade de imagem \nCritério fundamental na escolha uma placa de vídeo, a sua resolução de 2560x1440 não irá decepcioná-lo. A decodificação dos píxeis na sua tela fará com que você veja até os menores detalhes em cada ilustração.',193.30,1,'2024-01-28 15:14:40',8,1,NULL),(134,'Processador gamer AMD Ryzen 5 2400G YD2400C5M4MFB de 4 núcleos e 3.9GHz de frequência com gráfica integrada','Chave para o desempenho do seu computador de mesa, você não precisa mais pensar em como distribuir tempo e as ações pois agora as tarefas simultâneas são possíveis.\nA AMD tem um catálogo de produtos que atende aos requerimentos de qualquer tipo de usuários: jogos online, edição em grande escala, conteúdo multiplataforma e muito mais. \nNúcleos: o coração do processador \nNeste produto, você encontrará os núcleos, que são responsáveis por executar as instruções e atividades que você atribui ao seu dispositivo. Estes estão diretamente relacionados com dois elementos: os threads e o modelo. Portanto, na hora de escolher um processador, é importante que você valorize os três como um todo. \nMáxima potência \nQuando desbloqueado, você poderá fazer overclocking e assim aumentar a freqüência de funcionamento e otimizar o desempenho do seu dispositivo. Personalize ao seu gosto e curta seus videogames ou agilize a renderização de imagens. Descubra as variedades de posibilidades que este recurso oferece a você!',1097.00,1,'2024-01-28 15:17:34',18,17,NULL),(135,'Processador gamer Intel Core i5-8500T CM8068403362509 de 6 núcleos e 3.5GHz de frequência com gráfica integrada','Produtividade e entretenimento, tudo disponível no seu computador de mesa. A superioridade tecnológica da Intel é um benefício para todos os tipos de profissionais. Garante o melhor desempenho dos aplicativos, transferência de dados e conexão com outros elementos tecnológicos. \nNúcleos: o coração do processador \nNeste produto, você encontrará os núcleos, que são responsáveis por executar as instruções e atividades que você atribui ao seu dispositivo. Estes estão diretamente relacionados com dois elementos: os threads e o modelo. Portanto, na hora de escolher um processador, é importante que você valorize os três como um todo.',695.80,1,'2024-01-28 15:18:15',18,73,NULL),(136,'Processador Intel Core 2 Quad Q8400 BX80580Q8400 de 4 núcleos e 2.66GHz de frequência','Produtividade e entretenimento, tudo disponível no seu computador de mesa. A superioridade tecnológica da Intel é um benefício para todos os tipos de profissionais. Garante o melhor desempenho dos aplicativos, transferência de dados e conexão com outros elementos tecnológicos. \nNúcleos: o coração do processador \nNeste produto, você encontrará os núcleos, que são responsáveis por executar as instruções e atividades que você atribui ao seu dispositivo. Estes estão diretamente relacionados com dois elementos: os threads e o modelo. Portanto, na hora de escolher um processador, é importante que você valorize os três como um todo.',145.90,1,'2024-01-28 15:18:56',18,73,NULL),(137,'Processador gamer Intel Core i5-4670 CM8064601464706 de 4 núcleos e 3.8GHz de frequência com gráfica integrada','Produtividade e entretenimento, tudo disponível no seu computador de mesa. A superioridade tecnológica da Intel é um benefício para todos os tipos de profissionais. Garante o melhor desempenho dos aplicativos, transferência de dados e conexão com outros elementos tecnológicos. \nNúcleos: o coração do processador \nNeste produto, você encontrará os núcleos, que são responsáveis por executar as instruções e atividades que você atribui ao seu dispositivo. Estes estão diretamente relacionados com dois elementos: os threads e o modelo. Portanto, na hora de escolher um processador, é importante que você valorize os três como um todo.',291.00,1,'2024-01-28 15:20:02',18,73,NULL),(138,'Processador Intel Core I5 11400f Lga1200 - Bx8070811400f','Características Processador i5 11400F Intel Cache 12MB 2.6 GHz (Turbo Max 4.4GHz) LGA1200\n- Marca: Intel \n- Modelo: BX8070811400F \nEspecificações Processador i5 11400 Cache 12MB 2.6 GHz \n- Intel Core i5-11400F \n- 11° Geração \n- Socket: 1200 \n- Frequência Base: 2.6 GHz \n- Frequência Max Turbo: Até 4.4 Ghz \n- Intel Smart Cache: 12MB \n- Núcleos: 6 \n- Threads: 12 \n- TDP: 65W \n- Litografia: 14 nm \n- Velocidade do barramento: 8 GT / s \n- TDP: 65 W',989.84,1,'2024-01-28 15:21:06',18,73,NULL),(139,'Processador Intel Core i3-9100 BX80684I39100 de 4 núcleos e 4.2GHz de frequência com gráfica integrada','Produtividade e entretenimento, tudo disponível no seu computador de mesa. A superioridade tecnológica da Intel é um benefício para todos os tipos de profissionais. Garante o melhor desempenho dos aplicativos, transferência de dados e conexão com outros elementos tecnológicos.\nNúcleos: o coração do processador \nNeste produto, você encontrará os núcleos, que são responsáveis por executar as instruções e atividades que você atribui ao seu dispositivo. Estes estão diretamente relacionados com dois elementos: os threads e o modelo. Portanto, na hora de escolher um processador, é importante que você valorize os três como um todo.',642.00,1,'2024-01-28 15:22:24',18,73,NULL),(140,'Processador gamer Intel Core i7-870 BV80605001905AI de 4 núcleos e 3.6GHz de frequência','Produtividade e entretenimento, tudo disponível no seu computador de mesa. A superioridade tecnológica da Intel é um benefício para todos os tipos de profissionais. Garante o melhor desempenho dos aplicativos, transferência de dados e conexão com outros elementos tecnológicos. \nNúcleos: o coração do processador \nNeste produto, você encontrará os núcleos, que são responsáveis por executar as instruções e atividades que você atribui ao seu dispositivo. Estes estão diretamente relacionados com dois elementos: os threads e o modelo. Portanto, na hora de escolher um processador, é importante que você valorize os três como um todo.',299.90,1,'2024-01-28 15:22:55',18,73,NULL),(141,'Processador gamer Intel Core i5-4590 BX80646I54590 de 4 núcleos e 3.7GHz de frequência com gráfica integrada','Produtividade e entretenimento, tudo disponível no seu computador de mesa. A superioridade tecnológica da Intel é um benefício para todos os tipos de profissionais. Garante o melhor desempenho dos aplicativos, transferência de dados e conexão com outros elementos tecnológicos. \nNúcleos: o coração do processador \nNeste produto, você encontrará os núcleos, que são responsáveis por executar as instruções e atividades que você atribui ao seu dispositivo. Estes estão diretamente relacionados com dois elementos: os threads e o modelo. Portanto, na hora de escolher um processador, é importante que você valorize os três como um todo.',220.00,1,'2024-01-28 15:23:18',18,73,NULL),(142,'Processador Intel Pentium G5500t 3,20 Ghz 8° Ger Lga1151 Oem','Especificações da CPU \nNúmero de núcleos: 2 \nN de threads: 4 \nFrequência baseada em processador: 3.20 GHz \nCache: 4 MB Intel Smart Cache \nVelocidade do barramento: 8 GT/s \nTDP: 35 W \nFrequência de TDP Configurável - baixo: 2.20 GHz \nTDP Configurável - baixo: 25 W \nEspecificações de memória \nTamanho máximo de memória (de acordo com o tipo de memória): 64 GB \nTipos de memória: DDR4-2400 \nN máximo de canais de memória: 2 \nLargura de banda máxima da memória: 37.5 GB/s \nCompatibilidade com memória ECC: Sim',299.00,1,'2024-01-28 15:24:36',18,73,NULL),(143,'Processador gamer AMD Ryzen 5 5600G 100-100000252BOX de 6 núcleos e 4.4GHz de frequência com gráfica integrada','Chave para o desempenho do seu computador de mesa, você não precisa mais pensar em como distribuir tempo e as ações pois agora as tarefas simultâneas são possíveis. \nA AMD tem um catálogo de produtos que atende aos requerimentos de qualquer tipo de usuários: jogos online, edição em grande escala, conteúdo multiplataforma e muito mais. \nNúcleos: o coração do processador \nNeste produto, você encontrará os núcleos, que são responsáveis por executar as instruções e atividades que você atribui ao seu dispositivo. Estes estão diretamente relacionados com dois elementos: os threads e o modelo. Portanto, na hora de escolher um processador, é importante que você valorize os três como um todo. \nMáxima potência \nQuando desbloqueado, você poderá fazer overclocking e assim aumentar a freqüência de funcionamento e otimizar o desempenho do seu dispositivo. Personalize ao seu gosto e curta seus videogames ou agilize a renderização de imagens. Descubra as variedades de posibilidades que este recurso oferece a você!',998.00,1,'2024-01-28 15:25:20',18,17,NULL),(144,'Processador gamer Intel Core i3-4130 BX80646I34130 de 2 núcleos e 3.4GHz de frequência com gráfica integrada','Produtividade e entretenimento, tudo disponível no seu computador de mesa. A superioridade tecnológica da Intel é um benefício para todos os tipos de profissionais. Garante o melhor desempenho dos aplicativos, transferência de dados e conexão com outros elementos tecnológicos. \nNúcleos: o coração do processador \nNeste produto, você encontrará os núcleos, que são responsáveis por executar as instruções e atividades que você atribui ao seu dispositivo. Estes estão diretamente relacionados com dois elementos: os threads e o modelo. Portanto, na hora de escolher um processador, é importante que você valorize os três como um todo.',130.00,1,'2024-01-28 15:26:17',18,73,NULL),(145,'Processador AMD Ryzen 7 2700 YD2700BBM88AF de 8 núcleos e 4.1GHz de frequência','Chave para o desempenho do seu computador de mesa, você não precisa mais pensar em como distribuir tempo e as ações pois agora as tarefas simultâneas são possíveis. \nA AMD tem um catálogo de produtos que atende aos requerimentos de qualquer tipo de usuários: jogos online, edição em grande escala, conteúdo multiplataforma e muito mais. \nNúcleos: o coração do processador \nNeste produto, você encontrará os núcleos, que são responsáveis por executar as instruções e atividades que você atribui ao seu dispositivo. Estes estão diretamente relacionados com dois elementos: os threads e o modelo. Portanto, na hora de escolher um processador, é importante que você valorize os três como um todo. \nMáxima potência \nQuando desbloqueado, você poderá fazer overclocking e assim aumentar a freqüência de funcionamento e otimizar o desempenho do seu dispositivo. Personalize ao seu gosto e curta seus videogames ou agilize a renderização de imagens. Descubra as variedades de posibilidades que este recurso oferece a você!',849.00,1,'2024-01-28 15:26:59',18,17,NULL),(146,'Processador Intel Core i7-3770 CM8063701211600 de 4 núcleos e 3.9GHz de frequência com gráfica integrada','Produtividade e entretenimento, tudo disponível no seu computador de mesa. A superioridade tecnológica da Intel é um benefício para todos os tipos de profissionais. Garante o melhor desempenho dos aplicativos, transferência de dados e conexão com outros elementos tecnológicos. \nNúcleos: o coração do processador \nNeste produto, você encontrará os núcleos, que são responsáveis por executar as instruções e atividades que você atribui ao seu dispositivo. Estes estão diretamente relacionados com dois elementos: os threads e o modelo. Portanto, na hora de escolher um processador, é importante que você valorize os três como um todo.',405.00,1,'2024-01-28 15:27:35',18,73,NULL);
/*!40000 ALTER TABLE `produto` ENABLE KEYS */;
UNLOCK TABLES;
/*!40103 SET TIME_ZONE=@OLD_TIME_ZONE */;

/*!40101 SET SQL_MODE=@OLD_SQL_MODE */;
/*!40014 SET FOREIGN_KEY_CHECKS=@OLD_FOREIGN_KEY_CHECKS */;
/*!40014 SET UNIQUE_CHECKS=@OLD_UNIQUE_CHECKS */;
/*!40101 SET CHARACTER_SET_CLIENT=@OLD_CHARACTER_SET_CLIENT */;
/*!40101 SET CHARACTER_SET_RESULTS=@OLD_CHARACTER_SET_RESULTS */;
/*!40101 SET COLLATION_CONNECTION=@OLD_COLLATION_CONNECTION */;
/*!40111 SET SQL_NOTES=@OLD_SQL_NOTES */;

-- Dump completed on 2024-03-08  7:37:07
